--Bảng users
insert into users (id, name, first_name, last_name, email, email_verified_at, password, phone_number, avatar_url, gender, date_of_birth, role, status) values (1, 'Cass Agass', 'Cass', 'Agass', 'cagass0@blogs.com', '2024-07-22', '$2y$12$G.5JboCSzcMt2iotNDynLO2y0B5RXq1LMmy6a8QUsQ.8klCeS20nS', '+232 556 918 8710', 'http://dummyimage.com/250x100.png/cc0000/ffffff', 'other', '2000-03-25', 'student', 'active');
insert into users (id, name, first_name, last_name, email, email_verified_at, password, phone_number, avatar_url, gender, date_of_birth, role, status) values (2, 'Zitella Harroll', 'Zitella', 'Harroll', 'zharroll1@aol.com', '2023-01-10', '$2y$12$dt0zRr.qFw7yOMMKp.2Dxev.rU8UVvr2wLWtvdeON7ywrhZ4D6Y7a', '+689 920 117 0987', 'http://dummyimage.com/117x242.png/ff4444/ffffff', 'male', '1987-11-27', 'student', 'banned');
insert into users (id, name, first_name, last_name, email, email_verified_at, password, phone_number, avatar_url, gender, date_of_birth, role, status) values (3, 'Arlen Konert', 'Arlen', 'Konert', 'akonert2@cafepress.com', '2024-06-21', '$2y$12$dt0zRr.qFw7yOMMKp.2Dxev.rU8UVvr2wLWtvdeON7ywrhZ4D6Y7a', '+62 384 419 9733', 'http://dummyimage.com/250x148.png/cc0000/ffffff', 'male', '1988-10-10', 'head_of_department', 'active');
insert into users (id, name, first_name, last_name, email, email_verified_at, password, phone_number, avatar_url, gender, date_of_birth, role, status) values (4, 'Mira O''Sesnane', 'Mira', 'O''Sesnane', 'mosesnane3@dropbox.com', '2025-05-16', '$2y$12$dt0zRr.qFw7yOMMKp.2Dxev.rU8UVvr2wLWtvdeON7ywrhZ4D6Y7a', '+86 726 954 2488', 'http://dummyimage.com/186x199.png/ff4444/ffffff', 'male', '1994-09-13', 'teacher', 'banned');
insert into users (id, name, first_name, last_name, email, email_verified_at, password, phone_number, avatar_url, gender, date_of_birth, role, status) values (5, 'Zita Kirton', 'Zita', 'Kirton', 'zkirton4@so-net.ne.jp', '2022-09-25', '$2y$12$sKBMthjkygnEqfvEuJ/ATuwE5mTxqDhUGyemkI1hC7PB0M7QWUrLK', '+62 673 342 7614', 'http://dummyimage.com/172x102.png/dddddd/000000', 'male', '2006-12-15', 'training_office', 'banned');
insert into users (id, name, first_name, last_name, email, email_verified_at, password, phone_number, avatar_url, gender, date_of_birth, role, status) values (6, 'Valma Lockless', 'Valma', 'Lockless', 'vlockless5@reuters.com', '2023-03-11', '$2y$12$G.5JboCSzcMt2iotNDynLO2y0B5RXq1LMmy6a8QUsQ.8klCeS20nS', '+357 975 478 9557', 'http://dummyimage.com/158x179.png/5fa2dd/ffffff', 'male', '1987-05-14', 'training_office', 'banned');
insert into users (id, name, first_name, last_name, email, email_verified_at, password, phone_number, avatar_url, gender, date_of_birth, role, status) values (7, 'Abel Tommasi', 'Abel', 'Tommasi', 'atommasi6@cloudflare.com', '2022-01-29', '$2y$12$dt0zRr.qFw7yOMMKp.2Dxev.rU8UVvr2wLWtvdeON7ywrhZ4D6Y7a', '+62 835 900 6763', 'http://dummyimage.com/134x104.png/ff4444/ffffff', 'female', '1982-10-24', 'student', 'inactive');
insert into users (id, name, first_name, last_name, email, email_verified_at, password, phone_number, avatar_url, gender, date_of_birth, role, status) values (8, 'Scarlett Pogg', 'Scarlett', 'Pogg', 'spogg7@unicef.org', '2023-07-13', '$2y$12$dt0zRr.qFw7yOMMKp.2Dxev.rU8UVvr2wLWtvdeON7ywrhZ4D6Y7a', '+86 222 361 9999', 'http://dummyimage.com/137x234.png/ff4444/ffffff', 'other', '2004-10-10', 'student', 'inactive');
insert into users (id, name, first_name, last_name, email, email_verified_at, password, phone_number, avatar_url, gender, date_of_birth, role, status) values (9, 'Sara Bailiss', 'Sara', 'Bailiss', 'sbailiss8@hugedomains.com', '2023-12-20', '$2y$12$dt0zRr.qFw7yOMMKp.2Dxev.rU8UVvr2wLWtvdeON7ywrhZ4D6Y7a', '+86 450 825 0466', 'http://dummyimage.com/218x206.png/cc0000/ffffff', 'male', '1989-06-02', 'head_of_department', 'inactive');
insert into users (id, name, first_name, last_name, email, email_verified_at, password, phone_number, avatar_url, gender, date_of_birth, role, status) values (10, 'Janis Winspare', 'Janis', 'Winspare', 'jwinspare9@goo.ne.jp', '2022-02-17', '$2y$12$sKBMthjkygnEqfvEuJ/ATuwE5mTxqDhUGyemkI1hC7PB0M7QWUrLK', '+62 391 873 4141', 'http://dummyimage.com/203x249.png/ff4444/ffffff', 'female', '1974-07-10', 'training_office', 'banned');
insert into users (id, name, first_name, last_name, email, email_verified_at, password, phone_number, avatar_url, gender, date_of_birth, role, status) values (11, 'Randie Lafferty', 'Randie', 'Lafferty', 'rlaffertya@yolasite.com', '2025-02-15', '$2y$12$dt0zRr.qFw7yOMMKp.2Dxev.rU8UVvr2wLWtvdeON7ywrhZ4D6Y7a', '+976 428 347 0613', 'http://dummyimage.com/190x183.png/dddddd/000000', 'other', '1971-10-15', 'training_office', 'inactive');
insert into users (id, name, first_name, last_name, email, email_verified_at, password, phone_number, avatar_url, gender, date_of_birth, role, status) values (12, 'Allys Michel', 'Allys', 'Michel', 'amichelb@rambler.ru', '2025-10-14', '$2y$12$sKBMthjkygnEqfvEuJ/ATuwE5mTxqDhUGyemkI1hC7PB0M7QWUrLK', '+970 228 755 8018', 'http://dummyimage.com/156x169.png/ff4444/ffffff', 'female', '2005-10-05', 'training_office', 'active');
insert into users (id, name, first_name, last_name, email, email_verified_at, password, phone_number, avatar_url, gender, date_of_birth, role, status) values (13, 'Meggi Silbermann', 'Meggi', 'Silbermann', 'msilbermannc@walmart.com', '2022-12-05', '$2y$12$sKBMthjkygnEqfvEuJ/ATuwE5mTxqDhUGyemkI1hC7PB0M7QWUrLK', '+33 373 328 2711', 'http://dummyimage.com/169x207.png/ff4444/ffffff', 'male', '1971-02-27', 'training_office', 'banned');
insert into users (id, name, first_name, last_name, email, email_verified_at, password, phone_number, avatar_url, gender, date_of_birth, role, status) values (14, 'Carol-jean Pascoe', 'Carol-jean', 'Pascoe', 'cpascoed@artisteer.com', '2024-03-17', '$2y$12$dt0zRr.qFw7yOMMKp.2Dxev.rU8UVvr2wLWtvdeON7ywrhZ4D6Y7a', '+375 321 202 7448', 'http://dummyimage.com/180x228.png/cc0000/ffffff', 'other', '1970-10-13', 'student', 'banned');
insert into users (id, name, first_name, last_name, email, email_verified_at, password, phone_number, avatar_url, gender, date_of_birth, role, status) values (15, 'Kiri Darwood', 'Kiri', 'Darwood', 'kdarwoode@mac.com', '2023-02-27', '$2y$12$G.5JboCSzcMt2iotNDynLO2y0B5RXq1LMmy6a8QUsQ.8klCeS20nS', '+48 471 514 7971', 'http://dummyimage.com/205x223.png/5fa2dd/ffffff', 'other', '1995-04-05', 'training_office', 'inactive');
insert into users (id, name, first_name, last_name, email, email_verified_at, password, phone_number, avatar_url, gender, date_of_birth, role, status) values (16, 'Eli Dabels', 'Eli', 'Dabels', 'edabelsf@phpbb.com', '2024-11-01', '$2y$12$dt0zRr.qFw7yOMMKp.2Dxev.rU8UVvr2wLWtvdeON7ywrhZ4D6Y7a', '+1 414 632 9891', 'http://dummyimage.com/104x249.png/5fa2dd/ffffff', 'other', '2001-03-07', 'teacher', 'inactive');
insert into users (id, name, first_name, last_name, email, email_verified_at, password, phone_number, avatar_url, gender, date_of_birth, role, status) values (17, 'Trefor Marien', 'Trefor', 'Marien', 'tmarieng@answers.com', '2022-08-09', '$2y$12$sKBMthjkygnEqfvEuJ/ATuwE5mTxqDhUGyemkI1hC7PB0M7QWUrLK', '+33 771 538 2480', 'http://dummyimage.com/150x205.png/cc0000/ffffff', 'female', '1987-11-16', 'teacher', 'banned');
insert into users (id, name, first_name, last_name, email, email_verified_at, password, phone_number, avatar_url, gender, date_of_birth, role, status) values (18, 'Claribel Woodworth', 'Claribel', 'Woodworth', 'cwoodworthh@mapquest.com', '2025-06-01', '$2y$12$sKBMthjkygnEqfvEuJ/ATuwE5mTxqDhUGyemkI1hC7PB0M7QWUrLK', '+963 703 603 7096', 'http://dummyimage.com/148x188.png/5fa2dd/ffffff', 'female', '1998-10-16', 'student', 'inactive');
insert into users (id, name, first_name, last_name, email, email_verified_at, password, phone_number, avatar_url, gender, date_of_birth, role, status) values (19, 'Darbee Geratasch', 'Darbee', 'Geratasch', 'dgerataschi@meetup.com', '2023-10-17', '$2y$12$sKBMthjkygnEqfvEuJ/ATuwE5mTxqDhUGyemkI1hC7PB0M7QWUrLK', '+420 407 734 0657', 'http://dummyimage.com/216x153.png/ff4444/ffffff', 'other', '2008-04-03', 'student', 'active');
insert into users (id, name, first_name, last_name, email, email_verified_at, password, phone_number, avatar_url, gender, date_of_birth, role, status) values (20, 'Heidie Fricke', 'Heidie', 'Fricke', 'hfrickej@alibaba.com', '2023-09-14', '$2y$12$dt0zRr.qFw7yOMMKp.2Dxev.rU8UVvr2wLWtvdeON7ywrhZ4D6Y7a', '+66 796 528 3775', 'http://dummyimage.com/222x191.png/ff4444/ffffff', 'male', '1981-07-23', 'teacher', 'inactive');
insert into users (id, name, first_name, last_name, email, email_verified_at, password, phone_number, avatar_url, gender, date_of_birth, role, status) values (21, 'Anthiathia Schubuser', 'Anthiathia', 'Schubuser', 'aschubuserk@istockphoto.com', '2022-07-12', '$2y$12$sKBMthjkygnEqfvEuJ/ATuwE5mTxqDhUGyemkI1hC7PB0M7QWUrLK', '+856 254 131 6406', 'http://dummyimage.com/170x116.png/cc0000/ffffff', 'female', '2003-02-17', 'student', 'inactive');
insert into users (id, name, first_name, last_name, email, email_verified_at, password, phone_number, avatar_url, gender, date_of_birth, role, status) values (22, 'Merrel Cridge', 'Merrel', 'Cridge', 'mcridgel@cargocollective.com', '2025-07-09', '$2y$12$sKBMthjkygnEqfvEuJ/ATuwE5mTxqDhUGyemkI1hC7PB0M7QWUrLK', '+62 492 486 1496', 'http://dummyimage.com/161x155.png/ff4444/ffffff', 'female', '2004-08-30', 'head_of_department', 'active');
insert into users (id, name, first_name, last_name, email, email_verified_at, password, phone_number, avatar_url, gender, date_of_birth, role, status) values (23, 'Freda Joblin', 'Freda', 'Joblin', 'fjoblinm@gov.uk', '2023-10-23', '$2y$12$sKBMthjkygnEqfvEuJ/ATuwE5mTxqDhUGyemkI1hC7PB0M7QWUrLK', '+62 200 650 5128', 'http://dummyimage.com/133x188.png/dddddd/000000', 'other', '1976-06-01', 'training_office', 'active');
insert into users (id, name, first_name, last_name, email, email_verified_at, password, phone_number, avatar_url, gender, date_of_birth, role, status) values (24, 'Portie Dragonette', 'Portie', 'Dragonette', 'pdragonetten@shinystat.com', '2022-04-23', '$2y$12$sKBMthjkygnEqfvEuJ/ATuwE5mTxqDhUGyemkI1hC7PB0M7QWUrLK', '+1 203 972 0989', 'http://dummyimage.com/239x247.png/5fa2dd/ffffff', 'other', '1980-10-29', 'student', 'inactive');
insert into users (id, name, first_name, last_name, email, email_verified_at, password, phone_number, avatar_url, gender, date_of_birth, role, status) values (25, 'Melisenda Rennebeck', 'Melisenda', 'Rennebeck', 'mrennebecko@cisco.com', '2023-03-30', '$2y$12$sKBMthjkygnEqfvEuJ/ATuwE5mTxqDhUGyemkI1hC7PB0M7QWUrLK', '+7 813 239 8821', 'http://dummyimage.com/167x203.png/cc0000/ffffff', 'female', '1996-03-02', 'training_office', 'active');
insert into users (id, name, first_name, last_name, email, email_verified_at, password, phone_number, avatar_url, gender, date_of_birth, role, status) values (26, 'Alano Worsnip', 'Alano', 'Worsnip', 'aworsnipp@wufoo.com', '2024-11-08', '$2y$12$dt0zRr.qFw7yOMMKp.2Dxev.rU8UVvr2wLWtvdeON7ywrhZ4D6Y7a', '+44 974 409 2857', 'http://dummyimage.com/128x109.png/cc0000/ffffff', 'male', '1977-10-29', 'student', 'inactive');
insert into users (id, name, first_name, last_name, email, email_verified_at, password, phone_number, avatar_url, gender, date_of_birth, role, status) values (27, 'Delinda Cartman', 'Delinda', 'Cartman', 'dcartmanq@npr.org', '2025-04-10', '$2y$12$sKBMthjkygnEqfvEuJ/ATuwE5mTxqDhUGyemkI1hC7PB0M7QWUrLK', '+52 959 358 8034', 'http://dummyimage.com/228x139.png/5fa2dd/ffffff', 'female', '2005-06-29', 'teacher', 'inactive');
insert into users (id, name, first_name, last_name, email, email_verified_at, password, phone_number, avatar_url, gender, date_of_birth, role, status) values (28, 'Saleem Mougin', 'Saleem', 'Mougin', 'smouginr@e-recht24.de', '2022-09-03', '$2y$12$G.5JboCSzcMt2iotNDynLO2y0B5RXq1LMmy6a8QUsQ.8klCeS20nS', '+52 956 438 1922', 'http://dummyimage.com/123x200.png/cc0000/ffffff', 'female', '1986-01-11', 'teacher', 'inactive');
insert into users (id, name, first_name, last_name, email, email_verified_at, password, phone_number, avatar_url, gender, date_of_birth, role, status) values (29, 'Tamqrah MacShirie', 'Tamqrah', 'MacShirie', 'tmacshiries@bloglines.com', '2024-12-17', '$2y$12$G.5JboCSzcMt2iotNDynLO2y0B5RXq1LMmy6a8QUsQ.8klCeS20nS', '+63 417 456 3876', 'http://dummyimage.com/211x177.png/dddddd/000000', 'female', '1979-01-08', 'student', 'active');
insert into users (id, name, first_name, last_name, email, email_verified_at, password, phone_number, avatar_url, gender, date_of_birth, role, status) values (30, 'Ker McCulloch', 'Ker', 'McCulloch', 'kmccullocht@is.gd', '2024-09-03', '$2y$12$G.5JboCSzcMt2iotNDynLO2y0B5RXq1LMmy6a8QUsQ.8klCeS20nS', '+351 741 187 8383', 'http://dummyimage.com/137x182.png/5fa2dd/ffffff', 'female', '2002-07-18', 'training_office', 'active');
insert into users (id, name, first_name, last_name, email, email_verified_at, password, phone_number, avatar_url, gender, date_of_birth, role, status) values (31, 'Eolanda Jiroutka', 'Eolanda', 'Jiroutka', 'ejiroutkau@google.es', '2025-07-03', '$2y$12$G.5JboCSzcMt2iotNDynLO2y0B5RXq1LMmy6a8QUsQ.8klCeS20nS', '+62 918 641 8515', 'http://dummyimage.com/194x244.png/ff4444/ffffff', 'other', '1995-09-11', 'head_of_department', 'active');
insert into users (id, name, first_name, last_name, email, email_verified_at, password, phone_number, avatar_url, gender, date_of_birth, role, status) values (32, 'Codee Hallawell', 'Codee', 'Hallawell', 'challawellv@yale.edu', '2024-08-15', '$2y$12$dt0zRr.qFw7yOMMKp.2Dxev.rU8UVvr2wLWtvdeON7ywrhZ4D6Y7a', '+374 918 321 5611', 'http://dummyimage.com/180x123.png/cc0000/ffffff', 'male', '1970-07-22', 'head_of_department', 'active');
insert into users (id, name, first_name, last_name, email, email_verified_at, password, phone_number, avatar_url, gender, date_of_birth, role, status) values (33, 'Milly Gulliver', 'Milly', 'Gulliver', 'mgulliverw@state.gov', '2024-11-28', '$2y$12$dt0zRr.qFw7yOMMKp.2Dxev.rU8UVvr2wLWtvdeON7ywrhZ4D6Y7a', '+7 949 361 3509', 'http://dummyimage.com/229x208.png/dddddd/000000', 'male', '2001-08-04', 'student', 'banned');
insert into users (id, name, first_name, last_name, email, email_verified_at, password, phone_number, avatar_url, gender, date_of_birth, role, status) values (34, 'Sadye Drysdell', 'Sadye', 'Drysdell', 'sdrysdellx@netlog.com', '2024-08-28', '$2y$12$G.5JboCSzcMt2iotNDynLO2y0B5RXq1LMmy6a8QUsQ.8klCeS20nS', '+254 541 681 4192', 'http://dummyimage.com/136x224.png/cc0000/ffffff', 'male', '1987-05-16', 'student', 'banned');
insert into users (id, name, first_name, last_name, email, email_verified_at, password, phone_number, avatar_url, gender, date_of_birth, role, status) values (35, 'Aubrette Gelsthorpe', 'Aubrette', 'Gelsthorpe', 'agelsthorpey@liveinternet.ru', '2023-11-13', '$2y$12$sKBMthjkygnEqfvEuJ/ATuwE5mTxqDhUGyemkI1hC7PB0M7QWUrLK', '+86 649 374 4255', 'http://dummyimage.com/188x141.png/ff4444/ffffff', 'other', '2010-12-29', 'teacher', 'active');
insert into users (id, name, first_name, last_name, email, email_verified_at, password, phone_number, avatar_url, gender, date_of_birth, role, status) values (36, 'Bridgette Bronot', 'Bridgette', 'Bronot', 'bbronotz@google.com', '2025-06-17', '$2y$12$G.5JboCSzcMt2iotNDynLO2y0B5RXq1LMmy6a8QUsQ.8klCeS20nS', '+1 548 221 9674', 'http://dummyimage.com/170x176.png/ff4444/ffffff', 'female', '1970-04-29', 'head_of_department', 'active');
insert into users (id, name, first_name, last_name, email, email_verified_at, password, phone_number, avatar_url, gender, date_of_birth, role, status) values (37, 'Pepillo Fennelly', 'Pepillo', 'Fennelly', 'pfennelly10@biglobe.ne.jp', '2024-10-09', '$2y$12$sKBMthjkygnEqfvEuJ/ATuwE5mTxqDhUGyemkI1hC7PB0M7QWUrLK', '+976 254 616 6228', 'http://dummyimage.com/150x100.png/dddddd/000000', 'male', '1992-02-23', 'student', 'inactive');
insert into users (id, name, first_name, last_name, email, email_verified_at, password, phone_number, avatar_url, gender, date_of_birth, role, status) values (38, 'Lynnelle Steeples', 'Lynnelle', 'Steeples', 'lsteeples11@nps.gov', '2022-10-23', '$2y$12$G.5JboCSzcMt2iotNDynLO2y0B5RXq1LMmy6a8QUsQ.8klCeS20nS', '+358 569 953 4456', 'http://dummyimage.com/147x240.png/ff4444/ffffff', 'male', '2001-04-06', 'training_office', 'banned');
insert into users (id, name, first_name, last_name, email, email_verified_at, password, phone_number, avatar_url, gender, date_of_birth, role, status) values (39, 'Tabor Spenley', 'Tabor', 'Spenley', 'tspenley12@wunderground.com', '2023-09-20', '$2y$12$G.5JboCSzcMt2iotNDynLO2y0B5RXq1LMmy6a8QUsQ.8klCeS20nS', '+63 990 845 0114', 'http://dummyimage.com/224x223.png/cc0000/ffffff', 'other', '1975-02-27', 'student', 'banned');
insert into users (id, name, first_name, last_name, email, email_verified_at, password, phone_number, avatar_url, gender, date_of_birth, role, status) values (40, 'Dareen Francais', 'Dareen', 'Francais', 'dfrancais13@blogspot.com', '2022-11-05', '$2y$12$G.5JboCSzcMt2iotNDynLO2y0B5RXq1LMmy6a8QUsQ.8klCeS20nS', '+7 696 947 4925', 'http://dummyimage.com/197x154.png/5fa2dd/ffffff', 'male', '1972-02-27', 'student', 'inactive');
insert into users (id, name, first_name, last_name, email, email_verified_at, password, phone_number, avatar_url, gender, date_of_birth, role, status) values (41, 'Bekki Charville', 'Bekki', 'Charville', 'bcharville14@prnewswire.com', '2025-07-18', '$2y$12$sKBMthjkygnEqfvEuJ/ATuwE5mTxqDhUGyemkI1hC7PB0M7QWUrLK', '+223 895 829 8726', 'http://dummyimage.com/151x174.png/ff4444/ffffff', 'other', '1990-02-25', 'teacher', 'active');
insert into users (id, name, first_name, last_name, email, email_verified_at, password, phone_number, avatar_url, gender, date_of_birth, role, status) values (42, 'Zelda Magrannell', 'Zelda', 'Magrannell', 'zmagrannell15@com.com', '2024-08-11', '$2y$12$dt0zRr.qFw7yOMMKp.2Dxev.rU8UVvr2wLWtvdeON7ywrhZ4D6Y7a', '+62 357 223 7443', 'http://dummyimage.com/138x198.png/5fa2dd/ffffff', 'female', '2008-02-12', 'teacher', 'active');
insert into users (id, name, first_name, last_name, email, email_verified_at, password, phone_number, avatar_url, gender, date_of_birth, role, status) values (43, 'Drusie Waterfall', 'Drusie', 'Waterfall', 'dwaterfall16@ucoz.com', '2025-03-03', '$2y$12$dt0zRr.qFw7yOMMKp.2Dxev.rU8UVvr2wLWtvdeON7ywrhZ4D6Y7a', '+351 497 490 3485', 'http://dummyimage.com/225x112.png/ff4444/ffffff', 'male', '1995-08-02', 'student', 'active');
insert into users (id, name, first_name, last_name, email, email_verified_at, password, phone_number, avatar_url, gender, date_of_birth, role, status) values (44, 'Charis Blaxlande', 'Charis', 'Blaxlande', 'cblaxlande17@redcross.org', '2022-03-31', '$2y$12$G.5JboCSzcMt2iotNDynLO2y0B5RXq1LMmy6a8QUsQ.8klCeS20nS', '+33 903 762 2971', 'http://dummyimage.com/100x122.png/ff4444/ffffff', 'other', '1993-01-30', 'training_office', 'inactive');
insert into users (id, name, first_name, last_name, email, email_verified_at, password, phone_number, avatar_url, gender, date_of_birth, role, status) values (45, 'Marlena Frostdick', 'Marlena', 'Frostdick', 'mfrostdick18@squarespace.com', '2024-09-02', '$2y$12$dt0zRr.qFw7yOMMKp.2Dxev.rU8UVvr2wLWtvdeON7ywrhZ4D6Y7a', '+351 706 750 8027', 'http://dummyimage.com/227x169.png/cc0000/ffffff', 'male', '1992-04-27', 'teacher', 'active');
insert into users (id, name, first_name, last_name, email, email_verified_at, password, phone_number, avatar_url, gender, date_of_birth, role, status) values (46, 'Reade Bondley', 'Reade', 'Bondley', 'rbondley19@china.com.cn', '2024-02-28', '$2y$12$G.5JboCSzcMt2iotNDynLO2y0B5RXq1LMmy6a8QUsQ.8klCeS20nS', '+48 968 535 8941', 'http://dummyimage.com/131x125.png/dddddd/000000', 'male', '1985-06-16', 'student', 'inactive');
insert into users (id, name, first_name, last_name, email, email_verified_at, password, phone_number, avatar_url, gender, date_of_birth, role, status) values (47, 'Rosanne Morris', 'Rosanne', 'Morris', 'rmorris1a@house.gov', '2022-04-29', '$2y$12$dt0zRr.qFw7yOMMKp.2Dxev.rU8UVvr2wLWtvdeON7ywrhZ4D6Y7a', '+62 165 442 1401', 'http://dummyimage.com/207x224.png/cc0000/ffffff', 'other', '1987-05-26', 'teacher', 'active');
insert into users (id, name, first_name, last_name, email, email_verified_at, password, phone_number, avatar_url, gender, date_of_birth, role, status) values (48, 'Tucker Ugo', 'Tucker', 'Ugo', 'tugo1b@flickr.com', '2024-08-18', '$2y$12$dt0zRr.qFw7yOMMKp.2Dxev.rU8UVvr2wLWtvdeON7ywrhZ4D6Y7a', '+55 909 272 0511', 'http://dummyimage.com/104x142.png/cc0000/ffffff', 'male', '1990-05-17', 'teacher', 'active');
insert into users (id, name, first_name, last_name, email, email_verified_at, password, phone_number, avatar_url, gender, date_of_birth, role, status) values (49, 'Eldridge Gallone', 'Eldridge', 'Gallone', 'egallone1c@marriott.com', '2022-12-21', '$2y$12$sKBMthjkygnEqfvEuJ/ATuwE5mTxqDhUGyemkI1hC7PB0M7QWUrLK', '+33 179 484 2745', 'http://dummyimage.com/177x103.png/cc0000/ffffff', 'male', '1975-01-08', 'student', 'active');
insert into users (id, name, first_name, last_name, email, email_verified_at, password, phone_number, avatar_url, gender, date_of_birth, role, status) values (50, 'Leshia Idill', 'Leshia', 'Idill', 'lidill1d@artisteer.com', '2025-06-13', '$2y$12$G.5JboCSzcMt2iotNDynLO2y0B5RXq1LMmy6a8QUsQ.8klCeS20nS', '+62 193 617 5978', 'http://dummyimage.com/238x200.png/ff4444/ffffff', 'female', '2007-02-09', 'training_office', 'active');
insert into users (id, name, first_name, last_name, email, email_verified_at, password, phone_number, avatar_url, gender, date_of_birth, role, status) values (51, 'Edna Pitcaithly', 'Edna', 'Pitcaithly', 'epitcaithly1e@merriam-webster.com', '2024-02-04', '$2y$12$dt0zRr.qFw7yOMMKp.2Dxev.rU8UVvr2wLWtvdeON7ywrhZ4D6Y7a', '+62 571 393 4230', 'http://dummyimage.com/250x161.png/cc0000/ffffff', 'male', '2010-03-30', 'teacher', 'inactive');
insert into users (id, name, first_name, last_name, email, email_verified_at, password, phone_number, avatar_url, gender, date_of_birth, role, status) values (52, 'Edythe Maryott', 'Edythe', 'Maryott', 'emaryott1f@hud.gov', '2024-10-27', '$2y$12$sKBMthjkygnEqfvEuJ/ATuwE5mTxqDhUGyemkI1hC7PB0M7QWUrLK', '+63 764 945 6179', 'http://dummyimage.com/192x218.png/dddddd/000000', 'other', '2007-01-20', 'head_of_department', 'inactive');
insert into users (id, name, first_name, last_name, email, email_verified_at, password, phone_number, avatar_url, gender, date_of_birth, role, status) values (53, 'Toby Pitkin', 'Toby', 'Pitkin', 'tpitkin1g@list-manage.com', '2022-12-05', '$2y$12$G.5JboCSzcMt2iotNDynLO2y0B5RXq1LMmy6a8QUsQ.8klCeS20nS', '+54 405 254 2935', 'http://dummyimage.com/219x225.png/dddddd/000000', 'other', '1971-03-25', 'teacher', 'inactive');
insert into users (id, name, first_name, last_name, email, email_verified_at, password, phone_number, avatar_url, gender, date_of_birth, role, status) values (54, 'Rufe Goggey', 'Rufe', 'Goggey', 'rgoggey1h@addthis.com', '2023-02-21', '$2y$12$sKBMthjkygnEqfvEuJ/ATuwE5mTxqDhUGyemkI1hC7PB0M7QWUrLK', '+63 815 139 4254', 'http://dummyimage.com/229x241.png/cc0000/ffffff', 'female', '2005-11-11', 'student', 'banned');
insert into users (id, name, first_name, last_name, email, email_verified_at, password, phone_number, avatar_url, gender, date_of_birth, role, status) values (55, 'Tull Elwin', 'Tull', 'Elwin', 'telwin1i@twitter.com', '2022-12-24', '$2y$12$G.5JboCSzcMt2iotNDynLO2y0B5RXq1LMmy6a8QUsQ.8klCeS20nS', '+7 740 350 2569', 'http://dummyimage.com/125x240.png/ff4444/ffffff', 'other', '1989-09-26', 'teacher', 'active');
insert into users (id, name, first_name, last_name, email, email_verified_at, password, phone_number, avatar_url, gender, date_of_birth, role, status) values (56, 'Dionysus Muckloe', 'Dionysus', 'Muckloe', 'dmuckloe1j@yale.edu', '2024-09-13', '$2y$12$G.5JboCSzcMt2iotNDynLO2y0B5RXq1LMmy6a8QUsQ.8klCeS20nS', '+48 901 224 7249', 'http://dummyimage.com/220x209.png/ff4444/ffffff', 'other', '1978-06-15', 'teacher', 'banned');
insert into users (id, name, first_name, last_name, email, email_verified_at, password, phone_number, avatar_url, gender, date_of_birth, role, status) values (57, 'Darb Schooling', 'Darb', 'Schooling', 'dschooling1k@omniture.com', '2022-12-15', '$2y$12$sKBMthjkygnEqfvEuJ/ATuwE5mTxqDhUGyemkI1hC7PB0M7QWUrLK', '+86 465 762 1841', 'http://dummyimage.com/227x120.png/ff4444/ffffff', 'male', '1993-09-29', 'training_office', 'banned');
insert into users (id, name, first_name, last_name, email, email_verified_at, password, phone_number, avatar_url, gender, date_of_birth, role, status) values (58, 'Lesli Muncey', 'Lesli', 'Muncey', 'lmuncey1l@amazon.de', '2022-05-06', '$2y$12$sKBMthjkygnEqfvEuJ/ATuwE5mTxqDhUGyemkI1hC7PB0M7QWUrLK', '+86 165 820 5530', 'http://dummyimage.com/164x147.png/5fa2dd/ffffff', 'other', '1987-07-15', 'head_of_department', 'active');
insert into users (id, name, first_name, last_name, email, email_verified_at, password, phone_number, avatar_url, gender, date_of_birth, role, status) values (59, 'Berkley Thame', 'Berkley', 'Thame', 'bthame1m@1688.com', '2022-08-02', '$2y$12$sKBMthjkygnEqfvEuJ/ATuwE5mTxqDhUGyemkI1hC7PB0M7QWUrLK', '+234 694 651 8778', 'http://dummyimage.com/242x188.png/cc0000/ffffff', 'female', '1978-01-30', 'head_of_department', 'banned');
insert into users (id, name, first_name, last_name, email, email_verified_at, password, phone_number, avatar_url, gender, date_of_birth, role, status) values (60, 'Isac Twort', 'Isac', 'Twort', 'itwort1n@census.gov', '2023-10-10', '$2y$12$sKBMthjkygnEqfvEuJ/ATuwE5mTxqDhUGyemkI1hC7PB0M7QWUrLK', '+62 633 355 2113', 'http://dummyimage.com/217x143.png/5fa2dd/ffffff', 'female', '1985-11-28', 'teacher', 'inactive');
insert into users (id, name, first_name, last_name, email, email_verified_at, password, phone_number, avatar_url, gender, date_of_birth, role, status) values (61, 'Margit Cadamy', 'Margit', 'Cadamy', 'mcadamy1o@elegantthemes.com', '2025-01-05', '$2y$12$sKBMthjkygnEqfvEuJ/ATuwE5mTxqDhUGyemkI1hC7PB0M7QWUrLK', '+86 623 937 1772', 'http://dummyimage.com/230x232.png/ff4444/ffffff', 'male', '1995-08-29', 'student', 'banned');
insert into users (id, name, first_name, last_name, email, email_verified_at, password, phone_number, avatar_url, gender, date_of_birth, role, status) values (62, 'Dene Dudding', 'Dene', 'Dudding', 'ddudding1p@naver.com', '2023-11-29', '$2y$12$G.5JboCSzcMt2iotNDynLO2y0B5RXq1LMmy6a8QUsQ.8klCeS20nS', '+504 221 869 3449', 'http://dummyimage.com/120x206.png/ff4444/ffffff', 'female', '1991-08-24', 'student', 'active');
insert into users (id, name, first_name, last_name, email, email_verified_at, password, phone_number, avatar_url, gender, date_of_birth, role, status) values (63, 'Bonnibelle Salandino', 'Bonnibelle', 'Salandino', 'bsalandino1q@mapy.cz', '2025-03-25', '$2y$12$dt0zRr.qFw7yOMMKp.2Dxev.rU8UVvr2wLWtvdeON7ywrhZ4D6Y7a', '+63 149 294 7906', 'http://dummyimage.com/204x242.png/5fa2dd/ffffff', 'other', '1986-04-29', 'training_office', 'inactive');
insert into users (id, name, first_name, last_name, email, email_verified_at, password, phone_number, avatar_url, gender, date_of_birth, role, status) values (64, 'Thalia Tritton', 'Thalia', 'Tritton', 'ttritton1r@alexa.com', '2023-12-06', '$2y$12$G.5JboCSzcMt2iotNDynLO2y0B5RXq1LMmy6a8QUsQ.8klCeS20nS', '+30 494 660 3963', 'http://dummyimage.com/109x186.png/cc0000/ffffff', 'female', '1980-06-13', 'student', 'inactive');
insert into users (id, name, first_name, last_name, email, email_verified_at, password, phone_number, avatar_url, gender, date_of_birth, role, status) values (65, 'Mose Roskeilly', 'Mose', 'Roskeilly', 'mroskeilly1s@reuters.com', '2024-06-22', '$2y$12$G.5JboCSzcMt2iotNDynLO2y0B5RXq1LMmy6a8QUsQ.8klCeS20nS', '+81 715 174 3715', 'http://dummyimage.com/194x247.png/ff4444/ffffff', 'other', '1983-02-17', 'head_of_department', 'active');
insert into users (id, name, first_name, last_name, email, email_verified_at, password, phone_number, avatar_url, gender, date_of_birth, role, status) values (66, 'Court Aizik', 'Court', 'Aizik', 'caizik1t@phoca.cz', '2025-01-07', '$2y$12$dt0zRr.qFw7yOMMKp.2Dxev.rU8UVvr2wLWtvdeON7ywrhZ4D6Y7a', '+81 869 662 2474', 'http://dummyimage.com/170x184.png/5fa2dd/ffffff', 'male', '1972-11-20', 'training_office', 'banned');
insert into users (id, name, first_name, last_name, email, email_verified_at, password, phone_number, avatar_url, gender, date_of_birth, role, status) values (67, 'Orella Iacovone', 'Orella', 'Iacovone', 'oiacovone1u@businessweek.com', '2025-05-23', '$2y$12$sKBMthjkygnEqfvEuJ/ATuwE5mTxqDhUGyemkI1hC7PB0M7QWUrLK', '+86 586 350 2218', 'http://dummyimage.com/188x123.png/dddddd/000000', 'male', '1990-01-22', 'student', 'banned');
insert into users (id, name, first_name, last_name, email, email_verified_at, password, phone_number, avatar_url, gender, date_of_birth, role, status) values (68, 'Meggi Dunphy', 'Meggi', 'Dunphy', 'mdunphy1v@dailymail.co.uk', '2022-11-23', '$2y$12$G.5JboCSzcMt2iotNDynLO2y0B5RXq1LMmy6a8QUsQ.8klCeS20nS', '+86 340 899 5015', 'http://dummyimage.com/183x182.png/dddddd/000000', 'male', '1987-12-02', 'student', 'banned');
insert into users (id, name, first_name, last_name, email, email_verified_at, password, phone_number, avatar_url, gender, date_of_birth, role, status) values (69, 'Arvy Rallings', 'Arvy', 'Rallings', 'arallings1w@woothemes.com', '2022-05-21', '$2y$12$dt0zRr.qFw7yOMMKp.2Dxev.rU8UVvr2wLWtvdeON7ywrhZ4D6Y7a', '+55 267 355 9482', 'http://dummyimage.com/234x137.png/5fa2dd/ffffff', 'other', '1980-06-14', 'head_of_department', 'inactive');
insert into users (id, name, first_name, last_name, email, email_verified_at, password, phone_number, avatar_url, gender, date_of_birth, role, status) values (70, 'Bordy Banasik', 'Bordy', 'Banasik', 'bbanasik1x@cbslocal.com', '2023-02-23', '$2y$12$G.5JboCSzcMt2iotNDynLO2y0B5RXq1LMmy6a8QUsQ.8klCeS20nS', '+86 904 207 8027', 'http://dummyimage.com/179x235.png/5fa2dd/ffffff', 'other', '2009-01-12', 'head_of_department', 'inactive');
insert into users (id, name, first_name, last_name, email, email_verified_at, password, phone_number, avatar_url, gender, date_of_birth, role, status) values (71, 'Cherida Harrod', 'Cherida', 'Harrod', 'charrod1y@taobao.com', '2025-01-09', '$2y$12$sKBMthjkygnEqfvEuJ/ATuwE5mTxqDhUGyemkI1hC7PB0M7QWUrLK', '+62 820 843 3984', 'http://dummyimage.com/127x181.png/ff4444/ffffff', 'other', '2009-04-08', 'student', 'inactive');
insert into users (id, name, first_name, last_name, email, email_verified_at, password, phone_number, avatar_url, gender, date_of_birth, role, status) values (72, 'Chrisy Danher', 'Chrisy', 'Danher', 'cdanher1z@disqus.com', '2022-10-14', '$2y$12$sKBMthjkygnEqfvEuJ/ATuwE5mTxqDhUGyemkI1hC7PB0M7QWUrLK', '+33 146 301 3489', 'http://dummyimage.com/221x139.png/dddddd/000000', 'other', '1987-12-15', 'student', 'inactive');
insert into users (id, name, first_name, last_name, email, email_verified_at, password, phone_number, avatar_url, gender, date_of_birth, role, status) values (73, 'Rowan Server', 'Rowan', 'Server', 'rserver20@yandex.ru', '2024-10-16', '$2y$12$sKBMthjkygnEqfvEuJ/ATuwE5mTxqDhUGyemkI1hC7PB0M7QWUrLK', '+48 408 563 9120', 'http://dummyimage.com/190x202.png/cc0000/ffffff', 'female', '1973-03-23', 'teacher', 'inactive');
insert into users (id, name, first_name, last_name, email, email_verified_at, password, phone_number, avatar_url, gender, date_of_birth, role, status) values (74, 'Quint Lavington', 'Quint', 'Lavington', 'qlavington21@yolasite.com', '2024-07-11', '$2y$12$dt0zRr.qFw7yOMMKp.2Dxev.rU8UVvr2wLWtvdeON7ywrhZ4D6Y7a', '+7 639 691 9208', 'http://dummyimage.com/202x103.png/cc0000/ffffff', 'female', '1974-01-27', 'student', 'inactive');
insert into users (id, name, first_name, last_name, email, email_verified_at, password, phone_number, avatar_url, gender, date_of_birth, role, status) values (75, 'Milton Sweetenham', 'Milton', 'Sweetenham', 'msweetenham22@epa.gov', '2023-09-02', '$2y$12$G.5JboCSzcMt2iotNDynLO2y0B5RXq1LMmy6a8QUsQ.8klCeS20nS', '+81 875 753 0686', 'http://dummyimage.com/245x115.png/5fa2dd/ffffff', 'other', '1996-09-07', 'teacher', 'inactive');
insert into users (id, name, first_name, last_name, email, email_verified_at, password, phone_number, avatar_url, gender, date_of_birth, role, status) values (76, 'Hanni Gallahar', 'Hanni', 'Gallahar', 'hgallahar23@unesco.org', '2025-08-30', '$2y$12$G.5JboCSzcMt2iotNDynLO2y0B5RXq1LMmy6a8QUsQ.8klCeS20nS', '+7 918 443 1369', 'http://dummyimage.com/206x123.png/5fa2dd/ffffff', 'male', '2004-02-22', 'head_of_department', 'active');
insert into users (id, name, first_name, last_name, email, email_verified_at, password, phone_number, avatar_url, gender, date_of_birth, role, status) values (77, 'Jessamine Colaco', 'Jessamine', 'Colaco', 'jcolaco24@umich.edu', '2022-11-19', '$2y$12$sKBMthjkygnEqfvEuJ/ATuwE5mTxqDhUGyemkI1hC7PB0M7QWUrLK', '+237 539 467 2226', 'http://dummyimage.com/135x135.png/dddddd/000000', 'female', '1998-08-16', 'student', 'inactive');
insert into users (id, name, first_name, last_name, email, email_verified_at, password, phone_number, avatar_url, gender, date_of_birth, role, status) values (78, 'Briana Eilhart', 'Briana', 'Eilhart', 'beilhart25@phoca.cz', '2023-11-01', '$2y$12$dt0zRr.qFw7yOMMKp.2Dxev.rU8UVvr2wLWtvdeON7ywrhZ4D6Y7a', '+55 727 563 4252', 'http://dummyimage.com/221x131.png/cc0000/ffffff', 'other', '2006-09-30', 'student', 'inactive');
insert into users (id, name, first_name, last_name, email, email_verified_at, password, phone_number, avatar_url, gender, date_of_birth, role, status) values (79, 'Pearline Goffe', 'Pearline', 'Goffe', 'pgoffe26@washingtonpost.com', '2023-10-18', '$2y$12$sKBMthjkygnEqfvEuJ/ATuwE5mTxqDhUGyemkI1hC7PB0M7QWUrLK', '+55 943 426 4897', 'http://dummyimage.com/184x225.png/ff4444/ffffff', 'female', '1997-12-14', 'student', 'inactive');
insert into users (id, name, first_name, last_name, email, email_verified_at, password, phone_number, avatar_url, gender, date_of_birth, role, status) values (80, 'Georgina MacCartney', 'Georgina', 'MacCartney', 'gmaccartney27@noaa.gov', '2024-04-20', '$2y$12$sKBMthjkygnEqfvEuJ/ATuwE5mTxqDhUGyemkI1hC7PB0M7QWUrLK', '+359 875 666 0520', 'http://dummyimage.com/193x244.png/cc0000/ffffff', 'other', '1980-10-04', 'student', 'banned');
insert into users (id, name, first_name, last_name, email, email_verified_at, password, phone_number, avatar_url, gender, date_of_birth, role, status) values (81, 'Frances Briton', 'Frances', 'Briton', 'fbriton28@goo.gl', '2024-05-10', '$2y$12$G.5JboCSzcMt2iotNDynLO2y0B5RXq1LMmy6a8QUsQ.8klCeS20nS', '+33 848 298 0619', 'http://dummyimage.com/116x203.png/ff4444/ffffff', 'other', '2002-09-25', 'teacher', 'inactive');
insert into users (id, name, first_name, last_name, email, email_verified_at, password, phone_number, avatar_url, gender, date_of_birth, role, status) values (82, 'Consalve Storkes', 'Consalve', 'Storkes', 'cstorkes29@nhs.uk', '2025-02-06', '$2y$12$G.5JboCSzcMt2iotNDynLO2y0B5RXq1LMmy6a8QUsQ.8klCeS20nS', '+234 162 383 9756', 'http://dummyimage.com/194x100.png/5fa2dd/ffffff', 'male', '1979-09-24', 'training_office', 'active');
insert into users (id, name, first_name, last_name, email, email_verified_at, password, phone_number, avatar_url, gender, date_of_birth, role, status) values (83, 'Honey Girardoni', 'Honey', 'Girardoni', 'hgirardoni2a@lulu.com', '2023-01-29', '$2y$12$G.5JboCSzcMt2iotNDynLO2y0B5RXq1LMmy6a8QUsQ.8klCeS20nS', '+7 653 751 1158', 'http://dummyimage.com/168x152.png/cc0000/ffffff', 'female', '2007-10-29', 'student', 'banned');
insert into users (id, name, first_name, last_name, email, email_verified_at, password, phone_number, avatar_url, gender, date_of_birth, role, status) values (84, 'Vachel Mourbey', 'Vachel', 'Mourbey', 'vmourbey2b@de.vu', '2024-02-07', '$2y$12$sKBMthjkygnEqfvEuJ/ATuwE5mTxqDhUGyemkI1hC7PB0M7QWUrLK', '+63 275 387 6636', 'http://dummyimage.com/162x141.png/5fa2dd/ffffff', 'other', '2002-12-18', 'teacher', 'active');
insert into users (id, name, first_name, last_name, email, email_verified_at, password, phone_number, avatar_url, gender, date_of_birth, role, status) values (85, 'Dare Bilbrook', 'Dare', 'Bilbrook', 'dbilbrook2c@thetimes.co.uk', '2024-07-26', '$2y$12$sKBMthjkygnEqfvEuJ/ATuwE5mTxqDhUGyemkI1hC7PB0M7QWUrLK', '+381 916 549 3060', 'http://dummyimage.com/188x224.png/dddddd/000000', 'other', '2000-05-15', 'head_of_department', 'banned');
insert into users (id, name, first_name, last_name, email, email_verified_at, password, phone_number, avatar_url, gender, date_of_birth, role, status) values (86, 'Artie Losano', 'Artie', 'Losano', 'alosano2d@nps.gov', '2022-10-06', '$2y$12$dt0zRr.qFw7yOMMKp.2Dxev.rU8UVvr2wLWtvdeON7ywrhZ4D6Y7a', '+86 762 796 1195', 'http://dummyimage.com/146x159.png/cc0000/ffffff', 'male', '1998-08-17', 'head_of_department', 'banned');
insert into users (id, name, first_name, last_name, email, email_verified_at, password, phone_number, avatar_url, gender, date_of_birth, role, status) values (87, 'Crichton Camilli', 'Crichton', 'Camilli', 'ccamilli2e@mit.edu', '2023-10-23', '$2y$12$G.5JboCSzcMt2iotNDynLO2y0B5RXq1LMmy6a8QUsQ.8klCeS20nS', '+7 356 522 9403', 'http://dummyimage.com/149x215.png/ff4444/ffffff', 'female', '1973-07-22', 'student', 'banned');
insert into users (id, name, first_name, last_name, email, email_verified_at, password, phone_number, avatar_url, gender, date_of_birth, role, status) values (88, 'Ralph McBoyle', 'Ralph', 'McBoyle', 'rmcboyle2f@myspace.com', '2022-09-03', '$2y$12$sKBMthjkygnEqfvEuJ/ATuwE5mTxqDhUGyemkI1hC7PB0M7QWUrLK', '+591 498 447 1934', 'http://dummyimage.com/236x217.png/cc0000/ffffff', 'female', '1990-08-04', 'head_of_department', 'active');
insert into users (id, name, first_name, last_name, email, email_verified_at, password, phone_number, avatar_url, gender, date_of_birth, role, status) values (89, 'Timothea Wevell', 'Timothea', 'Wevell', 'twevell2g@cnbc.com', '2023-01-13', '$2y$12$sKBMthjkygnEqfvEuJ/ATuwE5mTxqDhUGyemkI1hC7PB0M7QWUrLK', '+56 580 930 0018', 'http://dummyimage.com/118x157.png/ff4444/ffffff', 'female', '1982-08-10', 'teacher', 'banned');
insert into users (id, name, first_name, last_name, email, email_verified_at, password, phone_number, avatar_url, gender, date_of_birth, role, status) values (90, 'Elsi Pally', 'Elsi', 'Pally', 'epally2h@cnn.com', '2024-05-03', '$2y$12$dt0zRr.qFw7yOMMKp.2Dxev.rU8UVvr2wLWtvdeON7ywrhZ4D6Y7a', '+1 561 956 6146', 'http://dummyimage.com/110x173.png/dddddd/000000', 'male', '1987-09-22', 'training_office', 'banned');
insert into users (id, name, first_name, last_name, email, email_verified_at, password, phone_number, avatar_url, gender, date_of_birth, role, status) values (91, 'Carlin Seatter', 'Carlin', 'Seatter', 'cseatter2i@msn.com', '2025-01-18', '$2y$12$sKBMthjkygnEqfvEuJ/ATuwE5mTxqDhUGyemkI1hC7PB0M7QWUrLK', '+86 637 694 4957', 'http://dummyimage.com/224x149.png/5fa2dd/ffffff', 'other', '1992-06-18', 'head_of_department', 'active');
insert into users (id, name, first_name, last_name, email, email_verified_at, password, phone_number, avatar_url, gender, date_of_birth, role, status) values (92, 'Ciro Rooksby', 'Ciro', 'Rooksby', 'crooksby2j@tuttocitta.it', '2023-01-21', '$2y$12$G.5JboCSzcMt2iotNDynLO2y0B5RXq1LMmy6a8QUsQ.8klCeS20nS', '+351 270 723 4669', 'http://dummyimage.com/191x220.png/ff4444/ffffff', 'other', '1988-12-20', 'head_of_department', 'banned');
insert into users (id, name, first_name, last_name, email, email_verified_at, password, phone_number, avatar_url, gender, date_of_birth, role, status) values (93, 'Deborah Depper', 'Deborah', 'Depper', 'ddepper2k@godaddy.com', '2022-01-10', '$2y$12$dt0zRr.qFw7yOMMKp.2Dxev.rU8UVvr2wLWtvdeON7ywrhZ4D6Y7a', '+66 826 722 7904', 'http://dummyimage.com/161x113.png/5fa2dd/ffffff', 'other', '1993-12-12', 'student', 'inactive');
insert into users (id, name, first_name, last_name, email, email_verified_at, password, phone_number, avatar_url, gender, date_of_birth, role, status) values (94, 'Carlynn Cattrall', 'Carlynn', 'Cattrall', 'ccattrall2l@economist.com', '2024-11-16', '$2y$12$dt0zRr.qFw7yOMMKp.2Dxev.rU8UVvr2wLWtvdeON7ywrhZ4D6Y7a', '+961 440 604 3382', 'http://dummyimage.com/127x228.png/cc0000/ffffff', 'female', '1972-12-15', 'head_of_department', 'inactive');
insert into users (id, name, first_name, last_name, email, email_verified_at, password, phone_number, avatar_url, gender, date_of_birth, role, status) values (95, 'Cloris Olner', 'Cloris', 'Olner', 'colner2m@goo.ne.jp', '2025-06-13', '$2y$12$dt0zRr.qFw7yOMMKp.2Dxev.rU8UVvr2wLWtvdeON7ywrhZ4D6Y7a', '+54 345 119 1372', 'http://dummyimage.com/214x236.png/dddddd/000000', 'other', '2007-08-27', 'student', 'active');
insert into users (id, name, first_name, last_name, email, email_verified_at, password, phone_number, avatar_url, gender, date_of_birth, role, status) values (96, 'Stoddard Purbrick', 'Stoddard', 'Purbrick', 'spurbrick2n@stanford.edu', '2025-08-20', '$2y$12$G.5JboCSzcMt2iotNDynLO2y0B5RXq1LMmy6a8QUsQ.8klCeS20nS', '+351 119 544 1630', 'http://dummyimage.com/222x222.png/cc0000/ffffff', 'other', '2001-08-10', 'student', 'inactive');
insert into users (id, name, first_name, last_name, email, email_verified_at, password, phone_number, avatar_url, gender, date_of_birth, role, status) values (97, 'Audra Jinkin', 'Audra', 'Jinkin', 'ajinkin2o@discovery.com', '2023-01-05', '$2y$12$sKBMthjkygnEqfvEuJ/ATuwE5mTxqDhUGyemkI1hC7PB0M7QWUrLK', '+94 797 734 9795', 'http://dummyimage.com/142x140.png/cc0000/ffffff', 'other', '1999-11-15', 'teacher', 'inactive');
insert into users (id, name, first_name, last_name, email, email_verified_at, password, phone_number, avatar_url, gender, date_of_birth, role, status) values (98, 'Darrelle Killigrew', 'Darrelle', 'Killigrew', 'dkilligrew2p@issuu.com', '2022-08-26', '$2y$12$sKBMthjkygnEqfvEuJ/ATuwE5mTxqDhUGyemkI1hC7PB0M7QWUrLK', '+36 230 754 7472', 'http://dummyimage.com/229x199.png/ff4444/ffffff', 'other', '2003-04-02', 'student', 'active');
insert into users (id, name, first_name, last_name, email, email_verified_at, password, phone_number, avatar_url, gender, date_of_birth, role, status) values (99, 'Raynell Egdal', 'Raynell', 'Egdal', 'regdal2q@google.com.au', '2023-04-29', '$2y$12$sKBMthjkygnEqfvEuJ/ATuwE5mTxqDhUGyemkI1hC7PB0M7QWUrLK', '+1 813 959 6670', 'http://dummyimage.com/113x186.png/dddddd/000000', 'male', '1981-10-11', 'head_of_department', 'active');
insert into users (id, name, first_name, last_name, email, email_verified_at, password, phone_number, avatar_url, gender, date_of_birth, role, status) values (100, 'Allister Casterou', 'Allister', 'Casterou', 'acasterou2r@virginia.edu', '2024-01-30', '$2y$12$G.5JboCSzcMt2iotNDynLO2y0B5RXq1LMmy6a8QUsQ.8klCeS20nS', '+254 162 696 9691', 'http://dummyimage.com/199x171.png/cc0000/ffffff', 'male', '1986-02-09', 'teacher', 'inactive');

--Bảng departments
insert into departments (id, name, head_id) values (1, 'Faculty of Civil Engineering', 5);
insert into departments (id, name, head_id) values (2, 'Department of Academic Affairs', 8);
insert into departments (id, name, head_id) values (3, 'Faculty of Economics and Management', 18);
insert into departments (id, name, head_id) values (4, 'Faculty of Economics and Management', 9);
insert into departments (id, name, head_id) values (5, 'Faculty of Hydrology and Environment', 20);
insert into departments (id, name, head_id) values (6, 'Faculty of Mechanical Engineering', 12);
insert into departments (id, name, head_id) values (7, 'Faculty of Hydrology and Environment', 20);
insert into departments (id, name, head_id) values (8, 'Faculty of Economics and Management', 17);
insert into departments (id, name, head_id) values (9, 'Faculty of Civil Engineering', 3);
insert into departments (id, name, head_id) values (10, 'Faculty of Hydrology and Environment', 20);
insert into departments (id, name, head_id) values (11, 'Faculty of Economics and Management', 8);
insert into departments (id, name, head_id) values (12, 'Department of Academic Affairs', 7);
insert into departments (id, name, head_id) values (13, 'Faculty of Chemistry and Life Sciences', 3);
insert into departments (id, name, head_id) values (14, 'Faculty of Water Resources Engineering', 17);
insert into departments (id, name, head_id) values (15, 'Faculty of Hydrology and Environment', 17);
insert into departments (id, name, head_id) values (16, 'Faculty of Mechanical Engineering', 8);
insert into departments (id, name, head_id) values (17, 'Faculty of Foreign Languages', 19);
insert into departments (id, name, head_id) values (18, 'Faculty of Political Theory', 9);
insert into departments (id, name, head_id) values (19, 'Faculty of Mechanical Engineering', 6);
insert into departments (id, name, head_id) values (20, 'Faculty of Water Resources Engineering', 8);
insert into departments (id, name, head_id) values (21, 'Faculty of Political Theory', 2);
insert into departments (id, name, head_id) values (22, 'Faculty of Mechanical Engineering', 12);
insert into departments (id, name, head_id) values (23, 'Faculty of Economics and Management', 17);
insert into departments (id, name, head_id) values (24, 'Faculty of Economics and Management', 8);
insert into departments (id, name, head_id) values (25, 'Faculty of Information Technology', 17);
insert into departments (id, name, head_id) values (26, 'Faculty of Chemistry and Life Sciences', 10);
insert into departments (id, name, head_id) values (27, 'Department of Academic Affairs', 13);
insert into departments (id, name, head_id) values (28, 'Department of Academic Affairs', 16);
insert into departments (id, name, head_id) values (29, 'Faculty of Chemistry and Life Sciences', 11);
insert into departments (id, name, head_id) values (30, 'Department of Academic Affairs', 6);
insert into departments (id, name, head_id) values (31, 'Faculty of Hydrology and Environment', 12);
insert into departments (id, name, head_id) values (32, 'Faculty of Foreign Languages', 19);
insert into departments (id, name, head_id) values (33, 'Faculty of Mechanical Engineering', 14);
insert into departments (id, name, head_id) values (34, 'Department of Academic Affairs', 8);
insert into departments (id, name, head_id) values (35, 'Faculty of Political Theory', 8);
insert into departments (id, name, head_id) values (36, 'Faculty of Economics and Management', 5);
insert into departments (id, name, head_id) values (37, 'Faculty of Chemistry and Life Sciences', 13);
insert into departments (id, name, head_id) values (38, 'Department of Academic Affairs', 14);
insert into departments (id, name, head_id) values (39, 'Faculty of Information Technology', 20);
insert into departments (id, name, head_id) values (40, 'Faculty of Water Resources Engineering', 8);
insert into departments (id, name, head_id) values (41, 'Faculty of Foreign Languages', 15);
insert into departments (id, name, head_id) values (42, 'Faculty of Civil Engineering', 18);
insert into departments (id, name, head_id) values (43, 'Faculty of Mechanical Engineering', 18);
insert into departments (id, name, head_id) values (44, 'Faculty of Mechanical Engineering', 18);
insert into departments (id, name, head_id) values (45, 'Faculty of Foreign Languages', 9);
insert into departments (id, name, head_id) values (46, 'Faculty of Hydrology and Environment', 12);
insert into departments (id, name, head_id) values (47, 'Faculty of Water Resources Engineering', 9);
insert into departments (id, name, head_id) values (48, 'Faculty of Water Resources Engineering', 11);
insert into departments (id, name, head_id) values (49, 'Faculty of Hydrology and Environment', 4);
insert into departments (id, name, head_id) values (50, 'Faculty of Political Theory', 14);
insert into departments (id, name, head_id) values (51, 'Department of Organization and Administration', 20);
insert into departments (id, name, head_id) values (52, 'Faculty of Information Technology', 15);
insert into departments (id, name, head_id) values (53, 'Faculty of Civil Engineering', 7);
insert into departments (id, name, head_id) values (54, 'Faculty of Mechanical Engineering', 1);
insert into departments (id, name, head_id) values (55, 'Faculty of Political Theory', 7);
insert into departments (id, name, head_id) values (56, 'Faculty of Economics and Management', 10);
insert into departments (id, name, head_id) values (57, 'Faculty of Information Technology', 1);
insert into departments (id, name, head_id) values (58, 'Faculty of Economics and Management', 17);
insert into departments (id, name, head_id) values (59, 'Faculty of Mechanical Engineering', 1);
insert into departments (id, name, head_id) values (60, 'Faculty of Hydrology and Environment', 11);
insert into departments (id, name, head_id) values (61, 'Faculty of Economics and Management', 18);
insert into departments (id, name, head_id) values (62, 'Faculty of Mechanical Engineering', 19);
insert into departments (id, name, head_id) values (63, 'Faculty of Civil Engineering', 9);
insert into departments (id, name, head_id) values (64, 'Faculty of Chemistry and Life Sciences', 8);
insert into departments (id, name, head_id) values (65, 'Faculty of Water Resources Engineering', 15);
insert into departments (id, name, head_id) values (66, 'Faculty of Economics and Management', 1);
insert into departments (id, name, head_id) values (67, 'Faculty of Foreign Languages', 3);
insert into departments (id, name, head_id) values (68, 'Faculty of Water Resources Engineering', 7);
insert into departments (id, name, head_id) values (69, 'Faculty of Mechanical Engineering', 17);
insert into departments (id, name, head_id) values (70, 'Department of Academic Affairs', 3);
insert into departments (id, name, head_id) values (71, 'Faculty of Mechanical Engineering', 7);
insert into departments (id, name, head_id) values (72, 'Faculty of Information Technology', 6);
insert into departments (id, name, head_id) values (73, 'Department of Organization and Administration', 19);
insert into departments (id, name, head_id) values (74, 'Faculty of Hydrology and Environment', 11);
insert into departments (id, name, head_id) values (75, 'Faculty of Chemistry and Life Sciences', 11);
insert into departments (id, name, head_id) values (76, 'Faculty of Hydrology and Environment', 12);
insert into departments (id, name, head_id) values (77, 'Faculty of Civil Engineering', 11);
insert into departments (id, name, head_id) values (78, 'Department of Organization and Administration', 10);
insert into departments (id, name, head_id) values (79, 'Faculty of Information Technology', 13);
insert into departments (id, name, head_id) values (80, 'Faculty of Civil Engineering', 15);
insert into departments (id, name, head_id) values (81, 'Department of Organization and Administration', 8);
insert into departments (id, name, head_id) values (82, 'Faculty of Civil Engineering', 13);
insert into departments (id, name, head_id) values (83, 'Faculty of Information Technology', 3);
insert into departments (id, name, head_id) values (84, 'Faculty of Mechanical Engineering', 1);
insert into departments (id, name, head_id) values (85, 'Faculty of Political Theory', 15);
insert into departments (id, name, head_id) values (86, 'Department of Organization and Administration', 15);
insert into departments (id, name, head_id) values (87, 'Department of Academic Affairs', 16);
insert into departments (id, name, head_id) values (88, 'Faculty of Mechanical Engineering', 15);
insert into departments (id, name, head_id) values (89, 'Faculty of Water Resources Engineering', 7);
insert into departments (id, name, head_id) values (90, 'Department of Organization and Administration', 8);
insert into departments (id, name, head_id) values (91, 'Faculty of Hydrology and Environment', 11);
insert into departments (id, name, head_id) values (92, 'Faculty of Hydrology and Environment', 16);
insert into departments (id, name, head_id) values (93, 'Faculty of Chemistry and Life Sciences', 18);
insert into departments (id, name, head_id) values (94, 'Faculty of Information Technology', 7);
insert into departments (id, name, head_id) values (95, 'Faculty of Hydrology and Environment', 11);
insert into departments (id, name, head_id) values (96, 'Faculty of Economics and Management', 18);
insert into departments (id, name, head_id) values (97, 'Department of Academic Affairs', 13);
insert into departments (id, name, head_id) values (98, 'Faculty of Chemistry and Life Sciences', 2);
insert into departments (id, name, head_id) values (99, 'Faculty of Civil Engineering', 8);
insert into departments (id, name, head_id) values (100, 'Faculty of Information Technology', 11);

--Bảng classes
insert into classes (id, name, semester, academic_year, department_id) values (1, '64KTPM1', 9, '2023-2024', 19);
insert into classes (id, name, semester, academic_year, department_id) values (2, 'KTXD2', 20, '2024-2025', 5);
insert into classes (id, name, semester, academic_year, department_id) values (3, 'KTXD1', 15, '2023-2024', 16);
insert into classes (id, name, semester, academic_year, department_id) values (4, '64KTPM2', 1, '2023-2024', 16);
insert into classes (id, name, semester, academic_year, department_id) values (5, 'KTXD2', 11, '2023-2024', 6);
insert into classes (id, name, semester, academic_year, department_id) values (6, 'CDT1', 11, '2023-2024', 3);
insert into classes (id, name, semester, academic_year, department_id) values (7, '64KTPM5', 11, '2022-2023', 20);
insert into classes (id, name, semester, academic_year, department_id) values (8, '64KTPM2', 20, '2024-2025', 16);
insert into classes (id, name, semester, academic_year, department_id) values (9, 'KTXD2', 6, '2023-2024', 2);
insert into classes (id, name, semester, academic_year, department_id) values (10, 'KTXD1', 4, '2022-2023', 13);
insert into classes (id, name, semester, academic_year, department_id) values (11, '64KTPM5', 1, '2024-2025', 9);
insert into classes (id, name, semester, academic_year, department_id) values (12, 'CDT1', 18, '2023-2024', 11);
insert into classes (id, name, semester, academic_year, department_id) values (13, '64KTPM2', 10, '2023-2024', 10);
insert into classes (id, name, semester, academic_year, department_id) values (14, 'ANM2', 14, '2022-2023', 1);
insert into classes (id, name, semester, academic_year, department_id) values (15, '64KTPM5', 3, '2023-2024', 20);
insert into classes (id, name, semester, academic_year, department_id) values (16, '64KTPM2', 4, '2024-2025', 2);
insert into classes (id, name, semester, academic_year, department_id) values (17, 'KTXD1', 8, '2022-2023', 11);
insert into classes (id, name, semester, academic_year, department_id) values (18, 'CDT1', 11, '2023-2024', 9);
insert into classes (id, name, semester, academic_year, department_id) values (19, '64KTPM2', 12, '2023-2024', 17);
insert into classes (id, name, semester, academic_year, department_id) values (20, 'ANM2', 17, '2023-2024', 3);
insert into classes (id, name, semester, academic_year, department_id) values (21, '64KTPM5', 3, '2023-2024', 5);
insert into classes (id, name, semester, academic_year, department_id) values (22, 'KTXD1', 13, '2023-2024', 11);
insert into classes (id, name, semester, academic_year, department_id) values (23, '64KTPM3', 15, '2023-2024', 15);
insert into classes (id, name, semester, academic_year, department_id) values (24, 'ANM1', 16, '2024-2025', 6);
insert into classes (id, name, semester, academic_year, department_id) values (25, 'ANM2', 8, '2023-2024', 3);
insert into classes (id, name, semester, academic_year, department_id) values (26, '64KTPM5', 2, '2024-2025', 16);
insert into classes (id, name, semester, academic_year, department_id) values (27, 'CDT1', 11, '2022-2023', 9);
insert into classes (id, name, semester, academic_year, department_id) values (28, 'KTXD2', 2, '2024-2025', 6);
insert into classes (id, name, semester, academic_year, department_id) values (29, '64KTPM2', 18, '2022-2023', 7);
insert into classes (id, name, semester, academic_year, department_id) values (30, 'ANM1', 18, '2022-2023', 9);
insert into classes (id, name, semester, academic_year, department_id) values (31, 'KTXD2', 17, '2022-2023', 18);
insert into classes (id, name, semester, academic_year, department_id) values (32, 'CDT2', 16, '2024-2025', 1);
insert into classes (id, name, semester, academic_year, department_id) values (33, 'KTXD1', 18, '2022-2023', 2);
insert into classes (id, name, semester, academic_year, department_id) values (34, 'ANM2', 16, '2024-2025', 8);
insert into classes (id, name, semester, academic_year, department_id) values (35, '64KTPM1', 20, '2023-2024', 14);
insert into classes (id, name, semester, academic_year, department_id) values (36, '64KTPM3', 20, '2022-2023', 14);
insert into classes (id, name, semester, academic_year, department_id) values (37, 'KTXD2', 16, '2024-2025', 19);
insert into classes (id, name, semester, academic_year, department_id) values (38, '64KTPM4', 6, '2023-2024', 4);
insert into classes (id, name, semester, academic_year, department_id) values (39, 'ANM2', 8, '2023-2024', 5);
insert into classes (id, name, semester, academic_year, department_id) values (40, '64KTPM1', 15, '2022-2023', 11);
insert into classes (id, name, semester, academic_year, department_id) values (41, '64KTPM1', 15, '2023-2024', 19);
insert into classes (id, name, semester, academic_year, department_id) values (42, '64KTPM5', 19, '2023-2024', 9);
insert into classes (id, name, semester, academic_year, department_id) values (43, 'ANM1', 1, '2022-2023', 8);
insert into classes (id, name, semester, academic_year, department_id) values (44, 'CDT2', 3, '2024-2025', 5);
insert into classes (id, name, semester, academic_year, department_id) values (45, '64KTPM5', 5, '2024-2025', 3);
insert into classes (id, name, semester, academic_year, department_id) values (46, 'CDT2', 14, '2023-2024', 15);
insert into classes (id, name, semester, academic_year, department_id) values (47, '64KTPM2', 5, '2022-2023', 6);
insert into classes (id, name, semester, academic_year, department_id) values (48, 'ANM1', 8, '2024-2025', 15);
insert into classes (id, name, semester, academic_year, department_id) values (49, '64KTPM4', 1, '2022-2023', 19);
insert into classes (id, name, semester, academic_year, department_id) values (50, 'CDT2', 6, '2024-2025', 18);
insert into classes (id, name, semester, academic_year, department_id) values (51, 'KTXD1', 19, '2022-2023', 14);
insert into classes (id, name, semester, academic_year, department_id) values (52, 'KTXD2', 13, '2023-2024', 13);
insert into classes (id, name, semester, academic_year, department_id) values (53, '64KTPM3', 9, '2024-2025', 9);
insert into classes (id, name, semester, academic_year, department_id) values (54, '64KTPM3', 8, '2022-2023', 5);
insert into classes (id, name, semester, academic_year, department_id) values (55, '64KTPM2', 3, '2022-2023', 12);
insert into classes (id, name, semester, academic_year, department_id) values (56, 'ANM2', 3, '2022-2023', 20);
insert into classes (id, name, semester, academic_year, department_id) values (57, 'CDT2', 17, '2023-2024', 15);
insert into classes (id, name, semester, academic_year, department_id) values (58, '64KTPM5', 3, '2024-2025', 20);
insert into classes (id, name, semester, academic_year, department_id) values (59, 'CDT1', 12, '2023-2024', 17);
insert into classes (id, name, semester, academic_year, department_id) values (60, 'KTXD1', 11, '2022-2023', 2);
insert into classes (id, name, semester, academic_year, department_id) values (61, 'KTXD2', 16, '2022-2023', 6);
insert into classes (id, name, semester, academic_year, department_id) values (62, 'KTXD2', 15, '2024-2025', 6);
insert into classes (id, name, semester, academic_year, department_id) values (63, 'CDT1', 15, '2023-2024', 3);
insert into classes (id, name, semester, academic_year, department_id) values (64, 'ANM1', 8, '2023-2024', 20);
insert into classes (id, name, semester, academic_year, department_id) values (65, '64KTPM5', 1, '2022-2023', 6);
insert into classes (id, name, semester, academic_year, department_id) values (66, 'CDT2', 11, '2022-2023', 12);
insert into classes (id, name, semester, academic_year, department_id) values (67, '64KTPM5', 20, '2024-2025', 1);
insert into classes (id, name, semester, academic_year, department_id) values (68, 'ANM2', 20, '2023-2024', 18);
insert into classes (id, name, semester, academic_year, department_id) values (69, 'ANM1', 5, '2022-2023', 13);
insert into classes (id, name, semester, academic_year, department_id) values (70, 'ANM1', 12, '2024-2025', 7);
insert into classes (id, name, semester, academic_year, department_id) values (71, '64KTPM2', 20, '2022-2023', 1);
insert into classes (id, name, semester, academic_year, department_id) values (72, 'KTXD2', 17, '2023-2024', 16);
insert into classes (id, name, semester, academic_year, department_id) values (73, 'KTXD2', 15, '2022-2023', 19);
insert into classes (id, name, semester, academic_year, department_id) values (74, '64KTPM1', 17, '2022-2023', 9);
insert into classes (id, name, semester, academic_year, department_id) values (75, 'KTXD2', 17, '2024-2025', 4);
insert into classes (id, name, semester, academic_year, department_id) values (76, '64KTPM5', 16, '2024-2025', 19);
insert into classes (id, name, semester, academic_year, department_id) values (77, 'CDT2', 19, '2023-2024', 20);
insert into classes (id, name, semester, academic_year, department_id) values (78, '64KTPM5', 17, '2024-2025', 10);
insert into classes (id, name, semester, academic_year, department_id) values (79, '64KTPM3', 4, '2024-2025', 14);
insert into classes (id, name, semester, academic_year, department_id) values (80, '64KTPM5', 15, '2023-2024', 3);
insert into classes (id, name, semester, academic_year, department_id) values (81, '64KTPM3', 7, '2023-2024', 9);
insert into classes (id, name, semester, academic_year, department_id) values (82, 'KTXD2', 14, '2022-2023', 16);
insert into classes (id, name, semester, academic_year, department_id) values (83, 'CDT2', 9, '2022-2023', 6);
insert into classes (id, name, semester, academic_year, department_id) values (84, 'CDT1', 14, '2023-2024', 18);
insert into classes (id, name, semester, academic_year, department_id) values (85, 'ANM1', 9, '2022-2023', 2);
insert into classes (id, name, semester, academic_year, department_id) values (86, 'KTXD1', 16, '2024-2025', 2);
insert into classes (id, name, semester, academic_year, department_id) values (87, '64KTPM3', 5, '2024-2025', 2);
insert into classes (id, name, semester, academic_year, department_id) values (88, 'KTXD2', 1, '2024-2025', 3);
insert into classes (id, name, semester, academic_year, department_id) values (89, '64KTPM1', 16, '2024-2025', 6);
insert into classes (id, name, semester, academic_year, department_id) values (90, '64KTPM1', 4, '2024-2025', 8);
insert into classes (id, name, semester, academic_year, department_id) values (91, 'KTXD1', 14, '2022-2023', 1);
insert into classes (id, name, semester, academic_year, department_id) values (92, 'KTXD2', 15, '2024-2025', 8);
insert into classes (id, name, semester, academic_year, department_id) values (93, '64KTPM4', 12, '2023-2024', 14);
insert into classes (id, name, semester, academic_year, department_id) values (94, 'KTXD1', 5, '2024-2025', 14);
insert into classes (id, name, semester, academic_year, department_id) values (95, 'CDT2', 17, '2023-2024', 12);
insert into classes (id, name, semester, academic_year, department_id) values (96, 'ANM1', 18, '2023-2024', 17);
insert into classes (id, name, semester, academic_year, department_id) values (97, 'ANM2', 19, '2022-2023', 10);
insert into classes (id, name, semester, academic_year, department_id) values (98, 'CDT2', 10, '2024-2025', 5);
insert into classes (id, name, semester, academic_year, department_id) values (99, 'CDT2', 4, '2022-2023', 7);
insert into classes (id, name, semester, academic_year, department_id) values (100, 'KTXD2', 2, '2024-2025', 14);

--Bảng courses
insert into courses (id, name, code, credits, department_id) values (1, 'Web Programming Database Systems Computer Networks Software Engineering Operating Systems Data Structures and Algorithms Mobile Application Development Artificial Intelligence Computer Architecture Information Security', 'CSE1', 2, 16);
insert into courses (id, name, code, credits, department_id) values (2, 'Web Programming Database Systems Computer Networks Software Engineering Operating Systems Data Structures and Algorithms Mobile Application Development Artificial Intelligence Computer Architecture Information Security', 'CSE2', 3, 8);
insert into courses (id, name, code, credits, department_id) values (3, 'Web Programming Database Systems Computer Networks Software Engineering Operating Systems Data Structures and Algorithms Mobile Application Development Artificial Intelligence Computer Architecture Information Security', 'CSE3', 4, 16);
insert into courses (id, name, code, credits, department_id) values (4, 'Web Programming Database Systems Computer Networks Software Engineering Operating Systems Data Structures and Algorithms Mobile Application Development Artificial Intelligence Computer Architecture Information Security', 'CSE4', 4, 15);
insert into courses (id, name, code, credits, department_id) values (5, 'Web Programming Database Systems Computer Networks Software Engineering Operating Systems Data Structures and Algorithms Mobile Application Development Artificial Intelligence Computer Architecture Information Security', 'CSE5', 3, 18);
insert into courses (id, name, code, credits, department_id) values (6, 'Web Programming Database Systems Computer Networks Software Engineering Operating Systems Data Structures and Algorithms Mobile Application Development Artificial Intelligence Computer Architecture Information Security', 'CSE6', 3, 6);
insert into courses (id, name, code, credits, department_id) values (7, 'Web Programming Database Systems Computer Networks Software Engineering Operating Systems Data Structures and Algorithms Mobile Application Development Artificial Intelligence Computer Architecture Information Security', 'CSE7', 2, 11);
insert into courses (id, name, code, credits, department_id) values (8, 'Web Programming Database Systems Computer Networks Software Engineering Operating Systems Data Structures and Algorithms Mobile Application Development Artificial Intelligence Computer Architecture Information Security', 'CSE8', 4, 5);
insert into courses (id, name, code, credits, department_id) values (9, 'Web Programming Database Systems Computer Networks Software Engineering Operating Systems Data Structures and Algorithms Mobile Application Development Artificial Intelligence Computer Architecture Information Security', 'CSE9', 3, 8);
insert into courses (id, name, code, credits, department_id) values (10, 'Web Programming Database Systems Computer Networks Software Engineering Operating Systems Data Structures and Algorithms Mobile Application Development Artificial Intelligence Computer Architecture Information Security', 'CSE10', 4, 6);
insert into courses (id, name, code, credits, department_id) values (11, 'Web Programming Database Systems Computer Networks Software Engineering Operating Systems Data Structures and Algorithms Mobile Application Development Artificial Intelligence Computer Architecture Information Security', 'CSE11', 4, 5);
insert into courses (id, name, code, credits, department_id) values (12, 'Web Programming Database Systems Computer Networks Software Engineering Operating Systems Data Structures and Algorithms Mobile Application Development Artificial Intelligence Computer Architecture Information Security', 'CSE12', 2, 10);
insert into courses (id, name, code, credits, department_id) values (13, 'Web Programming Database Systems Computer Networks Software Engineering Operating Systems Data Structures and Algorithms Mobile Application Development Artificial Intelligence Computer Architecture Information Security', 'CSE13', 4, 16);
insert into courses (id, name, code, credits, department_id) values (14, 'Web Programming Database Systems Computer Networks Software Engineering Operating Systems Data Structures and Algorithms Mobile Application Development Artificial Intelligence Computer Architecture Information Security', 'CSE14', 4, 4);
insert into courses (id, name, code, credits, department_id) values (15, 'Web Programming Database Systems Computer Networks Software Engineering Operating Systems Data Structures and Algorithms Mobile Application Development Artificial Intelligence Computer Architecture Information Security', 'CSE15', 4, 10);
insert into courses (id, name, code, credits, department_id) values (16, 'Web Programming Database Systems Computer Networks Software Engineering Operating Systems Data Structures and Algorithms Mobile Application Development Artificial Intelligence Computer Architecture Information Security', 'CSE16', 2, 19);
insert into courses (id, name, code, credits, department_id) values (17, 'Web Programming Database Systems Computer Networks Software Engineering Operating Systems Data Structures and Algorithms Mobile Application Development Artificial Intelligence Computer Architecture Information Security', 'CSE17', 4, 16);
insert into courses (id, name, code, credits, department_id) values (18, 'Web Programming Database Systems Computer Networks Software Engineering Operating Systems Data Structures and Algorithms Mobile Application Development Artificial Intelligence Computer Architecture Information Security', 'CSE18', 2, 11);
insert into courses (id, name, code, credits, department_id) values (19, 'Web Programming Database Systems Computer Networks Software Engineering Operating Systems Data Structures and Algorithms Mobile Application Development Artificial Intelligence Computer Architecture Information Security', 'CSE19', 2, 18);
insert into courses (id, name, code, credits, department_id) values (20, 'Web Programming Database Systems Computer Networks Software Engineering Operating Systems Data Structures and Algorithms Mobile Application Development Artificial Intelligence Computer Architecture Information Security', 'CSE20', 4, 20);
insert into courses (id, name, code, credits, department_id) values (21, 'Web Programming Database Systems Computer Networks Software Engineering Operating Systems Data Structures and Algorithms Mobile Application Development Artificial Intelligence Computer Architecture Information Security', 'CSE21', 4, 20);
insert into courses (id, name, code, credits, department_id) values (22, 'Web Programming Database Systems Computer Networks Software Engineering Operating Systems Data Structures and Algorithms Mobile Application Development Artificial Intelligence Computer Architecture Information Security', 'CSE22', 4, 18);
insert into courses (id, name, code, credits, department_id) values (23, 'Web Programming Database Systems Computer Networks Software Engineering Operating Systems Data Structures and Algorithms Mobile Application Development Artificial Intelligence Computer Architecture Information Security', 'CSE23', 2, 20);
insert into courses (id, name, code, credits, department_id) values (24, 'Web Programming Database Systems Computer Networks Software Engineering Operating Systems Data Structures and Algorithms Mobile Application Development Artificial Intelligence Computer Architecture Information Security', 'CSE24', 3, 15);
insert into courses (id, name, code, credits, department_id) values (25, 'Web Programming Database Systems Computer Networks Software Engineering Operating Systems Data Structures and Algorithms Mobile Application Development Artificial Intelligence Computer Architecture Information Security', 'CSE25', 2, 12);
insert into courses (id, name, code, credits, department_id) values (26, 'Web Programming Database Systems Computer Networks Software Engineering Operating Systems Data Structures and Algorithms Mobile Application Development Artificial Intelligence Computer Architecture Information Security', 'CSE26', 3, 4);
insert into courses (id, name, code, credits, department_id) values (27, 'Web Programming Database Systems Computer Networks Software Engineering Operating Systems Data Structures and Algorithms Mobile Application Development Artificial Intelligence Computer Architecture Information Security', 'CSE27', 3, 14);
insert into courses (id, name, code, credits, department_id) values (28, 'Web Programming Database Systems Computer Networks Software Engineering Operating Systems Data Structures and Algorithms Mobile Application Development Artificial Intelligence Computer Architecture Information Security', 'CSE28', 2, 10);
insert into courses (id, name, code, credits, department_id) values (29, 'Web Programming Database Systems Computer Networks Software Engineering Operating Systems Data Structures and Algorithms Mobile Application Development Artificial Intelligence Computer Architecture Information Security', 'CSE29', 2, 15);
insert into courses (id, name, code, credits, department_id) values (30, 'Web Programming Database Systems Computer Networks Software Engineering Operating Systems Data Structures and Algorithms Mobile Application Development Artificial Intelligence Computer Architecture Information Security', 'CSE30', 2, 11);
insert into courses (id, name, code, credits, department_id) values (31, 'Web Programming Database Systems Computer Networks Software Engineering Operating Systems Data Structures and Algorithms Mobile Application Development Artificial Intelligence Computer Architecture Information Security', 'CSE31', 4, 13);
insert into courses (id, name, code, credits, department_id) values (32, 'Web Programming Database Systems Computer Networks Software Engineering Operating Systems Data Structures and Algorithms Mobile Application Development Artificial Intelligence Computer Architecture Information Security', 'CSE32', 4, 18);
insert into courses (id, name, code, credits, department_id) values (33, 'Web Programming Database Systems Computer Networks Software Engineering Operating Systems Data Structures and Algorithms Mobile Application Development Artificial Intelligence Computer Architecture Information Security', 'CSE33', 3, 15);
insert into courses (id, name, code, credits, department_id) values (34, 'Web Programming Database Systems Computer Networks Software Engineering Operating Systems Data Structures and Algorithms Mobile Application Development Artificial Intelligence Computer Architecture Information Security', 'CSE34', 4, 10);
insert into courses (id, name, code, credits, department_id) values (35, 'Web Programming Database Systems Computer Networks Software Engineering Operating Systems Data Structures and Algorithms Mobile Application Development Artificial Intelligence Computer Architecture Information Security', 'CSE35', 3, 17);
insert into courses (id, name, code, credits, department_id) values (36, 'Web Programming Database Systems Computer Networks Software Engineering Operating Systems Data Structures and Algorithms Mobile Application Development Artificial Intelligence Computer Architecture Information Security', 'CSE36', 4, 13);
insert into courses (id, name, code, credits, department_id) values (37, 'Web Programming Database Systems Computer Networks Software Engineering Operating Systems Data Structures and Algorithms Mobile Application Development Artificial Intelligence Computer Architecture Information Security', 'CSE37', 4, 8);
insert into courses (id, name, code, credits, department_id) values (38, 'Web Programming Database Systems Computer Networks Software Engineering Operating Systems Data Structures and Algorithms Mobile Application Development Artificial Intelligence Computer Architecture Information Security', 'CSE38', 3, 6);
insert into courses (id, name, code, credits, department_id) values (39, 'Web Programming Database Systems Computer Networks Software Engineering Operating Systems Data Structures and Algorithms Mobile Application Development Artificial Intelligence Computer Architecture Information Security', 'CSE39', 3, 20);
insert into courses (id, name, code, credits, department_id) values (40, 'Web Programming Database Systems Computer Networks Software Engineering Operating Systems Data Structures and Algorithms Mobile Application Development Artificial Intelligence Computer Architecture Information Security', 'CSE40', 3, 9);
insert into courses (id, name, code, credits, department_id) values (41, 'Web Programming Database Systems Computer Networks Software Engineering Operating Systems Data Structures and Algorithms Mobile Application Development Artificial Intelligence Computer Architecture Information Security', 'CSE41', 2, 16);
insert into courses (id, name, code, credits, department_id) values (42, 'Web Programming Database Systems Computer Networks Software Engineering Operating Systems Data Structures and Algorithms Mobile Application Development Artificial Intelligence Computer Architecture Information Security', 'CSE42', 2, 2);
insert into courses (id, name, code, credits, department_id) values (43, 'Web Programming Database Systems Computer Networks Software Engineering Operating Systems Data Structures and Algorithms Mobile Application Development Artificial Intelligence Computer Architecture Information Security', 'CSE43', 3, 5);
insert into courses (id, name, code, credits, department_id) values (44, 'Web Programming Database Systems Computer Networks Software Engineering Operating Systems Data Structures and Algorithms Mobile Application Development Artificial Intelligence Computer Architecture Information Security', 'CSE44', 2, 8);
insert into courses (id, name, code, credits, department_id) values (45, 'Web Programming Database Systems Computer Networks Software Engineering Operating Systems Data Structures and Algorithms Mobile Application Development Artificial Intelligence Computer Architecture Information Security', 'CSE45', 4, 14);
insert into courses (id, name, code, credits, department_id) values (46, 'Web Programming Database Systems Computer Networks Software Engineering Operating Systems Data Structures and Algorithms Mobile Application Development Artificial Intelligence Computer Architecture Information Security', 'CSE46', 2, 13);
insert into courses (id, name, code, credits, department_id) values (47, 'Web Programming Database Systems Computer Networks Software Engineering Operating Systems Data Structures and Algorithms Mobile Application Development Artificial Intelligence Computer Architecture Information Security', 'CSE47', 4, 5);
insert into courses (id, name, code, credits, department_id) values (48, 'Web Programming Database Systems Computer Networks Software Engineering Operating Systems Data Structures and Algorithms Mobile Application Development Artificial Intelligence Computer Architecture Information Security', 'CSE48', 2, 8);
insert into courses (id, name, code, credits, department_id) values (49, 'Web Programming Database Systems Computer Networks Software Engineering Operating Systems Data Structures and Algorithms Mobile Application Development Artificial Intelligence Computer Architecture Information Security', 'CSE49', 4, 7);
insert into courses (id, name, code, credits, department_id) values (50, 'Web Programming Database Systems Computer Networks Software Engineering Operating Systems Data Structures and Algorithms Mobile Application Development Artificial Intelligence Computer Architecture Information Security', 'CSE50', 3, 13);
insert into courses (id, name, code, credits, department_id) values (51, 'Web Programming Database Systems Computer Networks Software Engineering Operating Systems Data Structures and Algorithms Mobile Application Development Artificial Intelligence Computer Architecture Information Security', 'CSE51', 3, 11);
insert into courses (id, name, code, credits, department_id) values (52, 'Web Programming Database Systems Computer Networks Software Engineering Operating Systems Data Structures and Algorithms Mobile Application Development Artificial Intelligence Computer Architecture Information Security', 'CSE52', 3, 2);
insert into courses (id, name, code, credits, department_id) values (53, 'Web Programming Database Systems Computer Networks Software Engineering Operating Systems Data Structures and Algorithms Mobile Application Development Artificial Intelligence Computer Architecture Information Security', 'CSE53', 3, 5);
insert into courses (id, name, code, credits, department_id) values (54, 'Web Programming Database Systems Computer Networks Software Engineering Operating Systems Data Structures and Algorithms Mobile Application Development Artificial Intelligence Computer Architecture Information Security', 'CSE54', 3, 2);
insert into courses (id, name, code, credits, department_id) values (55, 'Web Programming Database Systems Computer Networks Software Engineering Operating Systems Data Structures and Algorithms Mobile Application Development Artificial Intelligence Computer Architecture Information Security', 'CSE55', 3, 13);
insert into courses (id, name, code, credits, department_id) values (56, 'Web Programming Database Systems Computer Networks Software Engineering Operating Systems Data Structures and Algorithms Mobile Application Development Artificial Intelligence Computer Architecture Information Security', 'CSE56', 3, 7);
insert into courses (id, name, code, credits, department_id) values (57, 'Web Programming Database Systems Computer Networks Software Engineering Operating Systems Data Structures and Algorithms Mobile Application Development Artificial Intelligence Computer Architecture Information Security', 'CSE57', 3, 16);
insert into courses (id, name, code, credits, department_id) values (58, 'Web Programming Database Systems Computer Networks Software Engineering Operating Systems Data Structures and Algorithms Mobile Application Development Artificial Intelligence Computer Architecture Information Security', 'CSE58', 3, 13);
insert into courses (id, name, code, credits, department_id) values (59, 'Web Programming Database Systems Computer Networks Software Engineering Operating Systems Data Structures and Algorithms Mobile Application Development Artificial Intelligence Computer Architecture Information Security', 'CSE59', 4, 2);
insert into courses (id, name, code, credits, department_id) values (60, 'Web Programming Database Systems Computer Networks Software Engineering Operating Systems Data Structures and Algorithms Mobile Application Development Artificial Intelligence Computer Architecture Information Security', 'CSE60', 3, 18);
insert into courses (id, name, code, credits, department_id) values (61, 'Web Programming Database Systems Computer Networks Software Engineering Operating Systems Data Structures and Algorithms Mobile Application Development Artificial Intelligence Computer Architecture Information Security', 'CSE61', 2, 2);
insert into courses (id, name, code, credits, department_id) values (62, 'Web Programming Database Systems Computer Networks Software Engineering Operating Systems Data Structures and Algorithms Mobile Application Development Artificial Intelligence Computer Architecture Information Security', 'CSE62', 3, 8);
insert into courses (id, name, code, credits, department_id) values (63, 'Web Programming Database Systems Computer Networks Software Engineering Operating Systems Data Structures and Algorithms Mobile Application Development Artificial Intelligence Computer Architecture Information Security', 'CSE63', 2, 19);
insert into courses (id, name, code, credits, department_id) values (64, 'Web Programming Database Systems Computer Networks Software Engineering Operating Systems Data Structures and Algorithms Mobile Application Development Artificial Intelligence Computer Architecture Information Security', 'CSE64', 3, 8);
insert into courses (id, name, code, credits, department_id) values (65, 'Web Programming Database Systems Computer Networks Software Engineering Operating Systems Data Structures and Algorithms Mobile Application Development Artificial Intelligence Computer Architecture Information Security', 'CSE65', 2, 2);
insert into courses (id, name, code, credits, department_id) values (66, 'Web Programming Database Systems Computer Networks Software Engineering Operating Systems Data Structures and Algorithms Mobile Application Development Artificial Intelligence Computer Architecture Information Security', 'CSE66', 3, 17);
insert into courses (id, name, code, credits, department_id) values (67, 'Web Programming Database Systems Computer Networks Software Engineering Operating Systems Data Structures and Algorithms Mobile Application Development Artificial Intelligence Computer Architecture Information Security', 'CSE67', 4, 19);
insert into courses (id, name, code, credits, department_id) values (68, 'Web Programming Database Systems Computer Networks Software Engineering Operating Systems Data Structures and Algorithms Mobile Application Development Artificial Intelligence Computer Architecture Information Security', 'CSE68', 2, 15);
insert into courses (id, name, code, credits, department_id) values (69, 'Web Programming Database Systems Computer Networks Software Engineering Operating Systems Data Structures and Algorithms Mobile Application Development Artificial Intelligence Computer Architecture Information Security', 'CSE69', 2, 15);
insert into courses (id, name, code, credits, department_id) values (70, 'Web Programming Database Systems Computer Networks Software Engineering Operating Systems Data Structures and Algorithms Mobile Application Development Artificial Intelligence Computer Architecture Information Security', 'CSE70', 2, 10);
insert into courses (id, name, code, credits, department_id) values (71, 'Web Programming Database Systems Computer Networks Software Engineering Operating Systems Data Structures and Algorithms Mobile Application Development Artificial Intelligence Computer Architecture Information Security', 'CSE71', 2, 13);
insert into courses (id, name, code, credits, department_id) values (72, 'Web Programming Database Systems Computer Networks Software Engineering Operating Systems Data Structures and Algorithms Mobile Application Development Artificial Intelligence Computer Architecture Information Security', 'CSE72', 2, 11);
insert into courses (id, name, code, credits, department_id) values (73, 'Web Programming Database Systems Computer Networks Software Engineering Operating Systems Data Structures and Algorithms Mobile Application Development Artificial Intelligence Computer Architecture Information Security', 'CSE73', 4, 8);
insert into courses (id, name, code, credits, department_id) values (74, 'Web Programming Database Systems Computer Networks Software Engineering Operating Systems Data Structures and Algorithms Mobile Application Development Artificial Intelligence Computer Architecture Information Security', 'CSE74', 3, 6);
insert into courses (id, name, code, credits, department_id) values (75, 'Web Programming Database Systems Computer Networks Software Engineering Operating Systems Data Structures and Algorithms Mobile Application Development Artificial Intelligence Computer Architecture Information Security', 'CSE75', 3, 20);
insert into courses (id, name, code, credits, department_id) values (76, 'Web Programming Database Systems Computer Networks Software Engineering Operating Systems Data Structures and Algorithms Mobile Application Development Artificial Intelligence Computer Architecture Information Security', 'CSE76', 2, 13);
insert into courses (id, name, code, credits, department_id) values (77, 'Web Programming Database Systems Computer Networks Software Engineering Operating Systems Data Structures and Algorithms Mobile Application Development Artificial Intelligence Computer Architecture Information Security', 'CSE77', 2, 7);
insert into courses (id, name, code, credits, department_id) values (78, 'Web Programming Database Systems Computer Networks Software Engineering Operating Systems Data Structures and Algorithms Mobile Application Development Artificial Intelligence Computer Architecture Information Security', 'CSE78', 2, 10);
insert into courses (id, name, code, credits, department_id) values (79, 'Web Programming Database Systems Computer Networks Software Engineering Operating Systems Data Structures and Algorithms Mobile Application Development Artificial Intelligence Computer Architecture Information Security', 'CSE79', 2, 15);
insert into courses (id, name, code, credits, department_id) values (80, 'Web Programming Database Systems Computer Networks Software Engineering Operating Systems Data Structures and Algorithms Mobile Application Development Artificial Intelligence Computer Architecture Information Security', 'CSE80', 4, 2);
insert into courses (id, name, code, credits, department_id) values (81, 'Web Programming Database Systems Computer Networks Software Engineering Operating Systems Data Structures and Algorithms Mobile Application Development Artificial Intelligence Computer Architecture Information Security', 'CSE81', 3, 3);
insert into courses (id, name, code, credits, department_id) values (82, 'Web Programming Database Systems Computer Networks Software Engineering Operating Systems Data Structures and Algorithms Mobile Application Development Artificial Intelligence Computer Architecture Information Security', 'CSE82', 3, 15);
insert into courses (id, name, code, credits, department_id) values (83, 'Web Programming Database Systems Computer Networks Software Engineering Operating Systems Data Structures and Algorithms Mobile Application Development Artificial Intelligence Computer Architecture Information Security', 'CSE83', 3, 20);
insert into courses (id, name, code, credits, department_id) values (84, 'Web Programming Database Systems Computer Networks Software Engineering Operating Systems Data Structures and Algorithms Mobile Application Development Artificial Intelligence Computer Architecture Information Security', 'CSE84', 2, 2);
insert into courses (id, name, code, credits, department_id) values (85, 'Web Programming Database Systems Computer Networks Software Engineering Operating Systems Data Structures and Algorithms Mobile Application Development Artificial Intelligence Computer Architecture Information Security', 'CSE85', 2, 7);
insert into courses (id, name, code, credits, department_id) values (86, 'Web Programming Database Systems Computer Networks Software Engineering Operating Systems Data Structures and Algorithms Mobile Application Development Artificial Intelligence Computer Architecture Information Security', 'CSE86', 4, 19);
insert into courses (id, name, code, credits, department_id) values (87, 'Web Programming Database Systems Computer Networks Software Engineering Operating Systems Data Structures and Algorithms Mobile Application Development Artificial Intelligence Computer Architecture Information Security', 'CSE87', 2, 5);
insert into courses (id, name, code, credits, department_id) values (88, 'Web Programming Database Systems Computer Networks Software Engineering Operating Systems Data Structures and Algorithms Mobile Application Development Artificial Intelligence Computer Architecture Information Security', 'CSE88', 2, 2);
insert into courses (id, name, code, credits, department_id) values (89, 'Web Programming Database Systems Computer Networks Software Engineering Operating Systems Data Structures and Algorithms Mobile Application Development Artificial Intelligence Computer Architecture Information Security', 'CSE89', 2, 20);
insert into courses (id, name, code, credits, department_id) values (90, 'Web Programming Database Systems Computer Networks Software Engineering Operating Systems Data Structures and Algorithms Mobile Application Development Artificial Intelligence Computer Architecture Information Security', 'CSE90', 3, 9);
insert into courses (id, name, code, credits, department_id) values (91, 'Web Programming Database Systems Computer Networks Software Engineering Operating Systems Data Structures and Algorithms Mobile Application Development Artificial Intelligence Computer Architecture Information Security', 'CSE91', 2, 8);
insert into courses (id, name, code, credits, department_id) values (92, 'Web Programming Database Systems Computer Networks Software Engineering Operating Systems Data Structures and Algorithms Mobile Application Development Artificial Intelligence Computer Architecture Information Security', 'CSE92', 3, 14);
insert into courses (id, name, code, credits, department_id) values (93, 'Web Programming Database Systems Computer Networks Software Engineering Operating Systems Data Structures and Algorithms Mobile Application Development Artificial Intelligence Computer Architecture Information Security', 'CSE93', 3, 9);
insert into courses (id, name, code, credits, department_id) values (94, 'Web Programming Database Systems Computer Networks Software Engineering Operating Systems Data Structures and Algorithms Mobile Application Development Artificial Intelligence Computer Architecture Information Security', 'CSE94', 2, 13);
insert into courses (id, name, code, credits, department_id) values (95, 'Web Programming Database Systems Computer Networks Software Engineering Operating Systems Data Structures and Algorithms Mobile Application Development Artificial Intelligence Computer Architecture Information Security', 'CSE95', 2, 12);
insert into courses (id, name, code, credits, department_id) values (96, 'Web Programming Database Systems Computer Networks Software Engineering Operating Systems Data Structures and Algorithms Mobile Application Development Artificial Intelligence Computer Architecture Information Security', 'CSE96', 3, 4);
insert into courses (id, name, code, credits, department_id) values (97, 'Web Programming Database Systems Computer Networks Software Engineering Operating Systems Data Structures and Algorithms Mobile Application Development Artificial Intelligence Computer Architecture Information Security', 'CSE97', 4, 17);
insert into courses (id, name, code, credits, department_id) values (98, 'Web Programming Database Systems Computer Networks Software Engineering Operating Systems Data Structures and Algorithms Mobile Application Development Artificial Intelligence Computer Architecture Information Security', 'CSE98', 4, 13);
insert into courses (id, name, code, credits, department_id) values (99, 'Web Programming Database Systems Computer Networks Software Engineering Operating Systems Data Structures and Algorithms Mobile Application Development Artificial Intelligence Computer Architecture Information Security', 'CSE99', 2, 12);
insert into courses (id, name, code, credits, department_id) values (100, 'Web Programming Database Systems Computer Networks Software Engineering Operating Systems Data Structures and Algorithms Mobile Application Development Artificial Intelligence Computer Architecture Information Security', 'CSE100', 3, 12);

--Bảng class_course_assignments
insert into class_course_assignments (id, class_id, course_id, teacher_id) values (1, 21, 50, 19);
insert into class_course_assignments (id, class_id, course_id, teacher_id) values (2, 18, 11, 5);
insert into class_course_assignments (id, class_id, course_id, teacher_id) values (3, 17, 16, 21);
insert into class_course_assignments (id, class_id, course_id, teacher_id) values (4, 36, 10, 9);
insert into class_course_assignments (id, class_id, course_id, teacher_id) values (5, 17, 16, 27);
insert into class_course_assignments (id, class_id, course_id, teacher_id) values (6, 34, 35, 6);
insert into class_course_assignments (id, class_id, course_id, teacher_id) values (7, 10, 56, 19);
insert into class_course_assignments (id, class_id, course_id, teacher_id) values (8, 24, 36, 26);
insert into class_course_assignments (id, class_id, course_id, teacher_id) values (9, 12, 36, 27);
insert into class_course_assignments (id, class_id, course_id, teacher_id) values (10, 35, 22, 29);
insert into class_course_assignments (id, class_id, course_id, teacher_id) values (11, 34, 17, 8);
insert into class_course_assignments (id, class_id, course_id, teacher_id) values (12, 44, 60, 28);
insert into class_course_assignments (id, class_id, course_id, teacher_id) values (13, 14, 23, 5);
insert into class_course_assignments (id, class_id, course_id, teacher_id) values (14, 34, 42, 8);
insert into class_course_assignments (id, class_id, course_id, teacher_id) values (15, 18, 45, 29);
insert into class_course_assignments (id, class_id, course_id, teacher_id) values (16, 17, 31, 10);
insert into class_course_assignments (id, class_id, course_id, teacher_id) values (17, 35, 3, 26);
insert into class_course_assignments (id, class_id, course_id, teacher_id) values (18, 20, 9, 26);
insert into class_course_assignments (id, class_id, course_id, teacher_id) values (19, 38, 59, 24);
insert into class_course_assignments (id, class_id, course_id, teacher_id) values (20, 19, 32, 27);
insert into class_course_assignments (id, class_id, course_id, teacher_id) values (21, 35, 9, 22);
insert into class_course_assignments (id, class_id, course_id, teacher_id) values (22, 27, 46, 28);
insert into class_course_assignments (id, class_id, course_id, teacher_id) values (23, 41, 34, 19);
insert into class_course_assignments (id, class_id, course_id, teacher_id) values (24, 3, 12, 21);
insert into class_course_assignments (id, class_id, course_id, teacher_id) values (25, 12, 8, 6);
insert into class_course_assignments (id, class_id, course_id, teacher_id) values (26, 25, 14, 2);
insert into class_course_assignments (id, class_id, course_id, teacher_id) values (27, 4, 24, 7);
insert into class_course_assignments (id, class_id, course_id, teacher_id) values (28, 23, 12, 23);
insert into class_course_assignments (id, class_id, course_id, teacher_id) values (29, 28, 14, 7);
insert into class_course_assignments (id, class_id, course_id, teacher_id) values (30, 11, 11, 3);
insert into class_course_assignments (id, class_id, course_id, teacher_id) values (31, 44, 6, 15);
insert into class_course_assignments (id, class_id, course_id, teacher_id) values (32, 50, 17, 9);
insert into class_course_assignments (id, class_id, course_id, teacher_id) values (33, 42, 23, 27);
insert into class_course_assignments (id, class_id, course_id, teacher_id) values (34, 25, 37, 17);
insert into class_course_assignments (id, class_id, course_id, teacher_id) values (35, 15, 20, 11);
insert into class_course_assignments (id, class_id, course_id, teacher_id) values (36, 28, 20, 13);
insert into class_course_assignments (id, class_id, course_id, teacher_id) values (37, 9, 52, 11);
insert into class_course_assignments (id, class_id, course_id, teacher_id) values (38, 24, 8, 11);
insert into class_course_assignments (id, class_id, course_id, teacher_id) values (39, 3, 6, 24);
insert into class_course_assignments (id, class_id, course_id, teacher_id) values (40, 39, 29, 11);
insert into class_course_assignments (id, class_id, course_id, teacher_id) values (41, 41, 11, 13);
insert into class_course_assignments (id, class_id, course_id, teacher_id) values (42, 33, 15, 2);
insert into class_course_assignments (id, class_id, course_id, teacher_id) values (43, 33, 26, 24);
insert into class_course_assignments (id, class_id, course_id, teacher_id) values (44, 2, 9, 18);
insert into class_course_assignments (id, class_id, course_id, teacher_id) values (45, 35, 40, 13);
insert into class_course_assignments (id, class_id, course_id, teacher_id) values (46, 21, 2, 7);
insert into class_course_assignments (id, class_id, course_id, teacher_id) values (47, 7, 24, 28);
insert into class_course_assignments (id, class_id, course_id, teacher_id) values (48, 14, 60, 7);
insert into class_course_assignments (id, class_id, course_id, teacher_id) values (49, 20, 13, 5);
insert into class_course_assignments (id, class_id, course_id, teacher_id) values (50, 40, 37, 29);
insert into class_course_assignments (id, class_id, course_id, teacher_id) values (51, 48, 7, 13);
insert into class_course_assignments (id, class_id, course_id, teacher_id) values (52, 21, 21, 14);
insert into class_course_assignments (id, class_id, course_id, teacher_id) values (53, 21, 2, 13);
insert into class_course_assignments (id, class_id, course_id, teacher_id) values (54, 36, 35, 19);
insert into class_course_assignments (id, class_id, course_id, teacher_id) values (55, 42, 6, 2);
insert into class_course_assignments (id, class_id, course_id, teacher_id) values (56, 4, 48, 30);
insert into class_course_assignments (id, class_id, course_id, teacher_id) values (57, 8, 54, 30);
insert into class_course_assignments (id, class_id, course_id, teacher_id) values (58, 24, 36, 8);
insert into class_course_assignments (id, class_id, course_id, teacher_id) values (59, 25, 40, 12);
insert into class_course_assignments (id, class_id, course_id, teacher_id) values (60, 30, 54, 9);
insert into class_course_assignments (id, class_id, course_id, teacher_id) values (61, 19, 3, 9);
insert into class_course_assignments (id, class_id, course_id, teacher_id) values (62, 3, 47, 3);
insert into class_course_assignments (id, class_id, course_id, teacher_id) values (63, 7, 7, 1);
insert into class_course_assignments (id, class_id, course_id, teacher_id) values (64, 2, 34, 14);
insert into class_course_assignments (id, class_id, course_id, teacher_id) values (65, 3, 22, 13);
insert into class_course_assignments (id, class_id, course_id, teacher_id) values (66, 40, 25, 12);
insert into class_course_assignments (id, class_id, course_id, teacher_id) values (67, 1, 38, 8);
insert into class_course_assignments (id, class_id, course_id, teacher_id) values (68, 11, 38, 29);
insert into class_course_assignments (id, class_id, course_id, teacher_id) values (69, 2, 52, 10);
insert into class_course_assignments (id, class_id, course_id, teacher_id) values (70, 26, 46, 30);
insert into class_course_assignments (id, class_id, course_id, teacher_id) values (71, 43, 35, 5);
insert into class_course_assignments (id, class_id, course_id, teacher_id) values (72, 11, 24, 7);
insert into class_course_assignments (id, class_id, course_id, teacher_id) values (73, 18, 57, 10);
insert into class_course_assignments (id, class_id, course_id, teacher_id) values (74, 11, 60, 27);
insert into class_course_assignments (id, class_id, course_id, teacher_id) values (75, 11, 22, 4);
insert into class_course_assignments (id, class_id, course_id, teacher_id) values (76, 48, 48, 5);
insert into class_course_assignments (id, class_id, course_id, teacher_id) values (77, 22, 58, 30);
insert into class_course_assignments (id, class_id, course_id, teacher_id) values (78, 43, 19, 21);
insert into class_course_assignments (id, class_id, course_id, teacher_id) values (79, 25, 25, 21);
insert into class_course_assignments (id, class_id, course_id, teacher_id) values (80, 29, 44, 3);
insert into class_course_assignments (id, class_id, course_id, teacher_id) values (81, 50, 11, 24);
insert into class_course_assignments (id, class_id, course_id, teacher_id) values (82, 47, 39, 30);
insert into class_course_assignments (id, class_id, course_id, teacher_id) values (83, 13, 36, 19);
insert into class_course_assignments (id, class_id, course_id, teacher_id) values (84, 41, 53, 21);
insert into class_course_assignments (id, class_id, course_id, teacher_id) values (85, 15, 55, 20);
insert into class_course_assignments (id, class_id, course_id, teacher_id) values (86, 47, 29, 3);
insert into class_course_assignments (id, class_id, course_id, teacher_id) values (87, 8, 32, 25);
insert into class_course_assignments (id, class_id, course_id, teacher_id) values (88, 11, 57, 9);
insert into class_course_assignments (id, class_id, course_id, teacher_id) values (89, 4, 21, 16);
insert into class_course_assignments (id, class_id, course_id, teacher_id) values (90, 11, 59, 5);
insert into class_course_assignments (id, class_id, course_id, teacher_id) values (91, 50, 43, 23);
insert into class_course_assignments (id, class_id, course_id, teacher_id) values (92, 19, 23, 20);
insert into class_course_assignments (id, class_id, course_id, teacher_id) values (93, 45, 41, 17);
insert into class_course_assignments (id, class_id, course_id, teacher_id) values (94, 30, 46, 22);
insert into class_course_assignments (id, class_id, course_id, teacher_id) values (95, 39, 4, 7);
insert into class_course_assignments (id, class_id, course_id, teacher_id) values (96, 41, 57, 29);
insert into class_course_assignments (id, class_id, course_id, teacher_id) values (97, 12, 50, 15);
insert into class_course_assignments (id, class_id, course_id, teacher_id) values (98, 22, 19, 17);
insert into class_course_assignments (id, class_id, course_id, teacher_id) values (99, 37, 9, 25);
insert into class_course_assignments (id, class_id, course_id, teacher_id) values (100, 13, 41, 22);

--Bảng rooms
insert into rooms (id, name, capacity, location) values (1, 'Phòng 306-B5', 77, 9);
insert into rooms (id, name, capacity, location) values (2, 'Phòng 103-C5', 45, 25);
insert into rooms (id, name, capacity, location) values (3, 'Phòng 304-A3', 46, 14);
insert into rooms (id, name, capacity, location) values (4, 'Phòng 104-C5', 59, 13);
insert into rooms (id, name, capacity, location) values (5, 'Phòng 207-B1', 72, 7);
insert into rooms (id, name, capacity, location) values (6, 'Phòng 301-B5', 97, 24);
insert into rooms (id, name, capacity, location) values (7, 'Phòng 110-B5', 64, 17);
insert into rooms (id, name, capacity, location) values (8, 'Phòng 204-A4', 46, 6);
insert into rooms (id, name, capacity, location) values (9, 'Phòng 108-C5', 64, 30);
insert into rooms (id, name, capacity, location) values (10, 'Phòng 207-A4', 86, 28);
insert into rooms (id, name, capacity, location) values (11, 'Phòng 103-C5', 96, 25);
insert into rooms (id, name, capacity, location) values (12, 'Phòng 110-B1', 84, 25);
insert into rooms (id, name, capacity, location) values (13, 'Phòng 302-B5', 75, 13);
insert into rooms (id, name, capacity, location) values (14, 'Phòng 303-B5', 45, 13);
insert into rooms (id, name, capacity, location) values (15, 'Phòng 108-B1', 51, 7);
insert into rooms (id, name, capacity, location) values (16, 'Phòng 304-A2', 82, 5);
insert into rooms (id, name, capacity, location) values (17, 'Phòng 302-C5', 63, 9);
insert into rooms (id, name, capacity, location) values (18, 'Phòng 209-A2', 32, 23);
insert into rooms (id, name, capacity, location) values (19, 'Phòng 209-B1', 75, 14);
insert into rooms (id, name, capacity, location) values (20, 'Phòng 106-A2', 34, 18);
insert into rooms (id, name, capacity, location) values (21, 'Phòng 308-A4', 77, 18);
insert into rooms (id, name, capacity, location) values (22, 'Phòng 304-A2', 52, 11);
insert into rooms (id, name, capacity, location) values (23, 'Phòng 201-B1', 98, 7);
insert into rooms (id, name, capacity, location) values (24, 'Phòng 208-A2', 73, 29);
insert into rooms (id, name, capacity, location) values (25, 'Phòng 306-B1', 63, 24);
insert into rooms (id, name, capacity, location) values (26, 'Phòng 110-B5', 99, 2);
insert into rooms (id, name, capacity, location) values (27, 'Phòng 203-B5', 49, 2);
insert into rooms (id, name, capacity, location) values (28, 'Phòng 308-C5', 97, 7);
insert into rooms (id, name, capacity, location) values (29, 'Phòng 210-B5', 50, 22);
insert into rooms (id, name, capacity, location) values (30, 'Phòng 205-C5', 52, 1);
insert into rooms (id, name, capacity, location) values (31, 'Phòng 106-C5', 95, 30);
insert into rooms (id, name, capacity, location) values (32, 'Phòng 208-C5', 65, 5);
insert into rooms (id, name, capacity, location) values (33, 'Phòng 209-A3', 87, 10);
insert into rooms (id, name, capacity, location) values (34, 'Phòng 107-B1', 56, 3);
insert into rooms (id, name, capacity, location) values (35, 'Phòng 107-A4', 48, 21);
insert into rooms (id, name, capacity, location) values (36, 'Phòng 209-A2', 53, 17);
insert into rooms (id, name, capacity, location) values (37, 'Phòng 307-C5', 76, 8);
insert into rooms (id, name, capacity, location) values (38, 'Phòng 101-A4', 54, 30);
insert into rooms (id, name, capacity, location) values (39, 'Phòng 303-A3', 100, 1);
insert into rooms (id, name, capacity, location) values (40, 'Phòng 106-C5', 94, 5);
insert into rooms (id, name, capacity, location) values (41, 'Phòng 309-A3', 40, 20);
insert into rooms (id, name, capacity, location) values (42, 'Phòng 102-A4', 87, 11);
insert into rooms (id, name, capacity, location) values (43, 'Phòng 304-A4', 80, 30);
insert into rooms (id, name, capacity, location) values (44, 'Phòng 107-A3', 75, 21);
insert into rooms (id, name, capacity, location) values (45, 'Phòng 308-B1', 42, 20);
insert into rooms (id, name, capacity, location) values (46, 'Phòng 305-B1', 66, 20);
insert into rooms (id, name, capacity, location) values (47, 'Phòng 209-B5', 71, 14);
insert into rooms (id, name, capacity, location) values (48, 'Phòng 102-A2', 72, 11);
insert into rooms (id, name, capacity, location) values (49, 'Phòng 301-B1', 91, 10);
insert into rooms (id, name, capacity, location) values (50, 'Phòng 308-B1', 32, 27);
insert into rooms (id, name, capacity, location) values (51, 'Phòng 207-A4', 77, 26);
insert into rooms (id, name, capacity, location) values (52, 'Phòng 106-A2', 74, 14);
insert into rooms (id, name, capacity, location) values (53, 'Phòng 203-A2', 52, 2);
insert into rooms (id, name, capacity, location) values (54, 'Phòng 210-A2', 33, 22);
insert into rooms (id, name, capacity, location) values (55, 'Phòng 210-C5', 83, 21);
insert into rooms (id, name, capacity, location) values (56, 'Phòng 107-C5', 32, 28);
insert into rooms (id, name, capacity, location) values (57, 'Phòng 302-A4', 50, 23);
insert into rooms (id, name, capacity, location) values (58, 'Phòng 207-B1', 43, 19);
insert into rooms (id, name, capacity, location) values (59, 'Phòng 208-B5', 81, 27);
insert into rooms (id, name, capacity, location) values (60, 'Phòng 105-A3', 93, 22);
insert into rooms (id, name, capacity, location) values (61, 'Phòng 106-A2', 84, 20);
insert into rooms (id, name, capacity, location) values (62, 'Phòng 307-B1', 35, 12);
insert into rooms (id, name, capacity, location) values (63, 'Phòng 107-B1', 54, 26);
insert into rooms (id, name, capacity, location) values (64, 'Phòng 105-B1', 81, 23);
insert into rooms (id, name, capacity, location) values (65, 'Phòng 209-A3', 49, 16);
insert into rooms (id, name, capacity, location) values (66, 'Phòng 205-A2', 79, 24);
insert into rooms (id, name, capacity, location) values (67, 'Phòng 305-A2', 50, 20);
insert into rooms (id, name, capacity, location) values (68, 'Phòng 108-B5', 35, 7);
insert into rooms (id, name, capacity, location) values (69, 'Phòng 210-B5', 67, 2);
insert into rooms (id, name, capacity, location) values (70, 'Phòng 107-A4', 37, 25);
insert into rooms (id, name, capacity, location) values (71, 'Phòng 207-A3', 89, 13);
insert into rooms (id, name, capacity, location) values (72, 'Phòng 304-A4', 77, 27);
insert into rooms (id, name, capacity, location) values (73, 'Phòng 307-B1', 96, 7);
insert into rooms (id, name, capacity, location) values (74, 'Phòng 303-A4', 39, 1);
insert into rooms (id, name, capacity, location) values (75, 'Phòng 203-A3', 73, 2);
insert into rooms (id, name, capacity, location) values (76, 'Phòng 206-C5', 81, 28);
insert into rooms (id, name, capacity, location) values (77, 'Phòng 209-A3', 48, 26);
insert into rooms (id, name, capacity, location) values (78, 'Phòng 304-A3', 76, 28);
insert into rooms (id, name, capacity, location) values (79, 'Phòng 202-A3', 79, 2);
insert into rooms (id, name, capacity, location) values (80, 'Phòng 202-A2', 57, 15);
insert into rooms (id, name, capacity, location) values (81, 'Phòng 209-A2', 54, 12);
insert into rooms (id, name, capacity, location) values (82, 'Phòng 106-B5', 49, 29);
insert into rooms (id, name, capacity, location) values (83, 'Phòng 204-B5', 78, 9);
insert into rooms (id, name, capacity, location) values (84, 'Phòng 309-A2', 86, 28);
insert into rooms (id, name, capacity, location) values (85, 'Phòng 208-A3', 98, 30);
insert into rooms (id, name, capacity, location) values (86, 'Phòng 202-A4', 73, 2);
insert into rooms (id, name, capacity, location) values (87, 'Phòng 202-A3', 60, 14);
insert into rooms (id, name, capacity, location) values (88, 'Phòng 106-A3', 34, 30);
insert into rooms (id, name, capacity, location) values (89, 'Phòng 302-A3', 34, 19);
insert into rooms (id, name, capacity, location) values (90, 'Phòng 207-A3', 53, 21);
insert into rooms (id, name, capacity, location) values (91, 'Phòng 304-B5', 84, 5);
insert into rooms (id, name, capacity, location) values (92, 'Phòng 303-A3', 55, 22);
insert into rooms (id, name, capacity, location) values (93, 'Phòng 101-B1', 91, 25);
insert into rooms (id, name, capacity, location) values (94, 'Phòng 103-A2', 45, 25);
insert into rooms (id, name, capacity, location) values (95, 'Phòng 102-C5', 84, 27);
insert into rooms (id, name, capacity, location) values (96, 'Phòng 208-A2', 53, 13);
insert into rooms (id, name, capacity, location) values (97, 'Phòng 107-A3', 35, 19);
insert into rooms (id, name, capacity, location) values (98, 'Phòng 205-A2', 81, 7);
insert into rooms (id, name, capacity, location) values (99, 'Phòng 307-A2', 59, 22);
insert into rooms (id, name, capacity, location) values (100, 'Phòng 207-A3', 47, 24);

--Bảng schedules
insert into schedules (id, class_course_assignment_id, room_id, date, session, topic, status) values (1, 18, 11, '2025-02-01', 'Morning', 'ipsum aliquam non mauris morbi non lectus aliquam sit amet diam in magna bibendum imperdiet nullam orci pede venenatis non', 'scheduled');
insert into schedules (id, class_course_assignment_id, room_id, date, session, topic, status) values (2, 11, 2, '2024-09-22', 'Morning', 'non lectus aliquam sit amet diam in magna bibendum imperdiet nullam orci pede venenatis non sodales sed tincidunt eu', 'cancelled');
insert into schedules (id, class_course_assignment_id, room_id, date, session, topic, status) values (3, 3, 18, '2024-12-07', 'Afternoon', 'vivamus vestibulum sagittis sapien cum sociis natoque penatibus et magnis dis parturient montes nascetur', 'taught');
insert into schedules (id, class_course_assignment_id, room_id, date, session, topic, status) values (4, 1, 10, '2024-12-09', 'Afternoon', 'lorem vitae mattis nibh ligula nec sem duis aliquam convallis nunc proin at', 'scheduled');
insert into schedules (id, class_course_assignment_id, room_id, date, session, topic, status) values (5, 11, 16, '2024-10-21', 'Morning', 'sed accumsan felis ut at dolor quis odio consequat varius integer ac leo pellentesque ultrices mattis', 'cancelled');
insert into schedules (id, class_course_assignment_id, room_id, date, session, topic, status) values (6, 5, 12, '2025-05-13', 'Morning', 'imperdiet nullam orci pede venenatis non sodales sed tincidunt eu felis fusce posuere felis sed lacus morbi', 'taught');
insert into schedules (id, class_course_assignment_id, room_id, date, session, topic, status) values (7, 15, 17, '2025-04-09', 'Morning', 'in blandit ultrices enim lorem ipsum dolor sit amet consectetuer adipiscing elit proin interdum mauris non ligula', 'taught');
insert into schedules (id, class_course_assignment_id, room_id, date, session, topic, status) values (8, 2, 15, '2024-10-30', 'Morning', 'quam turpis adipiscing lorem vitae mattis nibh ligula nec sem duis aliquam convallis nunc proin at turpis a', 'cancelled');
insert into schedules (id, class_course_assignment_id, room_id, date, session, topic, status) values (9, 1, 9, '2025-01-24', 'Morning', 'sit amet consectetuer adipiscing elit proin risus praesent lectus vestibulum quam sapien varius ut blandit non interdum in ante', 'cancelled');
insert into schedules (id, class_course_assignment_id, room_id, date, session, topic, status) values (10, 18, 10, '2025-02-12', 'Morning', 'duis aliquam convallis nunc proin at turpis a pede posuere nonummy integer non velit donec', 'scheduled');
insert into schedules (id, class_course_assignment_id, room_id, date, session, topic, status) values (11, 5, 6, '2025-01-18', 'Morning', 'aenean auctor gravida sem praesent id massa id nisl venenatis lacinia aenean sit amet justo', 'cancelled');
insert into schedules (id, class_course_assignment_id, room_id, date, session, topic, status) values (12, 16, 15, '2024-10-25', 'Afternoon', 'odio in hac habitasse platea dictumst maecenas ut massa quis augue luctus tincidunt nulla mollis molestie lorem quisque', 'cancelled');
insert into schedules (id, class_course_assignment_id, room_id, date, session, topic, status) values (13, 12, 11, '2024-10-03', 'Morning', 'morbi porttitor lorem id ligula suspendisse ornare consequat lectus in est risus', 'scheduled');
insert into schedules (id, class_course_assignment_id, room_id, date, session, topic, status) values (14, 8, 6, '2024-12-13', 'Afternoon', 'id ligula suspendisse ornare consequat lectus in est risus auctor sed tristique in tempus sit amet sem', 'scheduled');
insert into schedules (id, class_course_assignment_id, room_id, date, session, topic, status) values (15, 18, 9, '2025-01-06', 'Afternoon', 'nec nisi volutpat eleifend donec ut dolor morbi vel lectus in quam fringilla rhoncus mauris enim leo rhoncus sed vestibulum', 'taught');
insert into schedules (id, class_course_assignment_id, room_id, date, session, topic, status) values (16, 16, 19, '2024-11-13', 'Afternoon', 'dolor sit amet consectetuer adipiscing elit proin risus praesent lectus vestibulum quam sapien varius ut blandit non interdum in ante', 'scheduled');
insert into schedules (id, class_course_assignment_id, room_id, date, session, topic, status) values (17, 13, 3, '2024-11-07', 'Afternoon', 'eu orci mauris lacinia sapien quis libero nullam sit amet turpis elementum ligula', 'scheduled');
insert into schedules (id, class_course_assignment_id, room_id, date, session, topic, status) values (18, 15, 13, '2025-01-25', 'Morning', 'semper porta volutpat quam pede lobortis ligula sit amet eleifend pede', 'scheduled');
insert into schedules (id, class_course_assignment_id, room_id, date, session, topic, status) values (19, 3, 14, '2025-01-13', 'Afternoon', 'rhoncus aliquet pulvinar sed nisl nunc rhoncus dui vel sem sed sagittis nam congue risus semper porta', 'cancelled');
insert into schedules (id, class_course_assignment_id, room_id, date, session, topic, status) values (20, 3, 9, '2025-01-12', 'Afternoon', 'nulla ut erat id mauris vulputate elementum nullam varius nulla facilisi', 'taught');
insert into schedules (id, class_course_assignment_id, room_id, date, session, topic, status) values (21, 18, 15, '2024-11-19', 'Afternoon', 'morbi odio odio elementum eu interdum eu tincidunt in leo', 'scheduled');
insert into schedules (id, class_course_assignment_id, room_id, date, session, topic, status) values (22, 18, 17, '2024-09-13', 'Morning', 'dolor vel est donec odio justo sollicitudin ut suscipit a feugiat et eros vestibulum', 'taught');
insert into schedules (id, class_course_assignment_id, room_id, date, session, topic, status) values (23, 7, 15, '2025-02-02', 'Morning', 'feugiat et eros vestibulum ac est lacinia nisi venenatis tristique', 'cancelled');
insert into schedules (id, class_course_assignment_id, room_id, date, session, topic, status) values (24, 10, 20, '2025-05-15', 'Morning', 'sodales sed tincidunt eu felis fusce posuere felis sed lacus morbi sem mauris', 'cancelled');
insert into schedules (id, class_course_assignment_id, room_id, date, session, topic, status) values (25, 17, 13, '2025-05-04', 'Afternoon', 'ultrices posuere cubilia curae mauris viverra diam vitae quam suspendisse potenti nullam porttitor lacus at turpis donec', 'taught');
insert into schedules (id, class_course_assignment_id, room_id, date, session, topic, status) values (26, 4, 5, '2024-10-21', 'Morning', 'integer ac neque duis bibendum morbi non quam nec dui luctus rutrum nulla tellus in sagittis dui', 'taught');
insert into schedules (id, class_course_assignment_id, room_id, date, session, topic, status) values (27, 6, 12, '2025-05-07', 'Morning', 'eget tincidunt eget tempus vel pede morbi porttitor lorem id ligula suspendisse', 'taught');
insert into schedules (id, class_course_assignment_id, room_id, date, session, topic, status) values (28, 16, 16, '2024-09-19', 'Afternoon', 'ante vel ipsum praesent blandit lacinia erat vestibulum sed magna at nunc commodo placerat praesent', 'cancelled');
insert into schedules (id, class_course_assignment_id, room_id, date, session, topic, status) values (29, 4, 4, '2025-04-18', 'Afternoon', 'id massa id nisl venenatis lacinia aenean sit amet justo morbi ut odio cras mi', 'cancelled');
insert into schedules (id, class_course_assignment_id, room_id, date, session, topic, status) values (30, 8, 1, '2024-11-04', 'Afternoon', 'nulla ac enim in tempor turpis nec euismod scelerisque quam turpis adipiscing lorem vitae', 'taught');
insert into schedules (id, class_course_assignment_id, room_id, date, session, topic, status) values (31, 10, 11, '2025-03-02', 'Morning', 'justo nec condimentum neque sapien placerat ante nulla justo aliquam quis turpis eget elit sodales scelerisque', 'taught');
insert into schedules (id, class_course_assignment_id, room_id, date, session, topic, status) values (32, 8, 12, '2025-02-22', 'Morning', 'mauris lacinia sapien quis libero nullam sit amet turpis elementum ligula vehicula consequat morbi a', 'scheduled');
insert into schedules (id, class_course_assignment_id, room_id, date, session, topic, status) values (33, 16, 8, '2024-11-07', 'Morning', 'etiam vel augue vestibulum rutrum rutrum neque aenean auctor gravida sem praesent id massa', 'taught');
insert into schedules (id, class_course_assignment_id, room_id, date, session, topic, status) values (34, 6, 3, '2025-01-05', 'Afternoon', 'erat curabitur gravida nisi at nibh in hac habitasse platea dictumst aliquam augue quam sollicitudin vitae consectetuer eget rutrum at', 'scheduled');
insert into schedules (id, class_course_assignment_id, room_id, date, session, topic, status) values (35, 19, 8, '2025-02-03', 'Morning', 'lacus morbi quis tortor id nulla ultrices aliquet maecenas leo odio condimentum id luctus nec molestie sed', 'scheduled');
insert into schedules (id, class_course_assignment_id, room_id, date, session, topic, status) values (36, 3, 6, '2025-04-02', 'Afternoon', 'adipiscing elit proin risus praesent lectus vestibulum quam sapien varius ut blandit non interdum in ante vestibulum ante', 'cancelled');
insert into schedules (id, class_course_assignment_id, room_id, date, session, topic, status) values (37, 13, 2, '2025-01-22', 'Morning', 'dolor morbi vel lectus in quam fringilla rhoncus mauris enim leo', 'taught');
insert into schedules (id, class_course_assignment_id, room_id, date, session, topic, status) values (38, 19, 1, '2024-09-28', 'Morning', 'lacinia sapien quis libero nullam sit amet turpis elementum ligula vehicula consequat morbi a ipsum integer a', 'taught');
insert into schedules (id, class_course_assignment_id, room_id, date, session, topic, status) values (39, 15, 13, '2024-10-07', 'Afternoon', 'ut ultrices vel augue vestibulum ante ipsum primis in faucibus orci luctus', 'scheduled');
insert into schedules (id, class_course_assignment_id, room_id, date, session, topic, status) values (40, 5, 19, '2024-10-10', 'Afternoon', 'vitae nisi nam ultrices libero non mattis pulvinar nulla pede ullamcorper augue a suscipit nulla', 'scheduled');
insert into schedules (id, class_course_assignment_id, room_id, date, session, topic, status) values (41, 20, 11, '2025-01-21', 'Afternoon', 'vel augue vestibulum rutrum rutrum neque aenean auctor gravida sem praesent id massa id nisl venenatis lacinia aenean', 'taught');
insert into schedules (id, class_course_assignment_id, room_id, date, session, topic, status) values (42, 18, 20, '2024-10-16', 'Morning', 'sollicitudin ut suscipit a feugiat et eros vestibulum ac est lacinia nisi venenatis tristique fusce congue', 'scheduled');
insert into schedules (id, class_course_assignment_id, room_id, date, session, topic, status) values (43, 12, 12, '2024-10-11', 'Afternoon', 'dolor morbi vel lectus in quam fringilla rhoncus mauris enim leo rhoncus sed vestibulum sit amet cursus id', 'scheduled');
insert into schedules (id, class_course_assignment_id, room_id, date, session, topic, status) values (44, 6, 3, '2024-11-29', 'Morning', 'posuere cubilia curae duis faucibus accumsan odio curabitur convallis duis consequat dui nec nisi volutpat eleifend donec ut dolor morbi', 'taught');
insert into schedules (id, class_course_assignment_id, room_id, date, session, topic, status) values (45, 15, 5, '2025-03-31', 'Afternoon', 'nibh in quis justo maecenas rhoncus aliquam lacus morbi quis tortor', 'taught');
insert into schedules (id, class_course_assignment_id, room_id, date, session, topic, status) values (46, 18, 9, '2024-09-13', 'Afternoon', 'duis consequat dui nec nisi volutpat eleifend donec ut dolor morbi vel lectus in quam fringilla rhoncus', 'taught');
insert into schedules (id, class_course_assignment_id, room_id, date, session, topic, status) values (47, 16, 15, '2025-05-18', 'Morning', 'in quam fringilla rhoncus mauris enim leo rhoncus sed vestibulum sit amet cursus id turpis integer aliquet massa id', 'scheduled');
insert into schedules (id, class_course_assignment_id, room_id, date, session, topic, status) values (48, 3, 17, '2025-05-07', 'Morning', 'eget elit sodales scelerisque mauris sit amet eros suspendisse accumsan tortor quis', 'taught');
insert into schedules (id, class_course_assignment_id, room_id, date, session, topic, status) values (49, 10, 11, '2025-03-14', 'Afternoon', 'amet turpis elementum ligula vehicula consequat morbi a ipsum integer a nibh in quis justo', 'scheduled');
insert into schedules (id, class_course_assignment_id, room_id, date, session, topic, status) values (50, 16, 6, '2024-12-22', 'Afternoon', 'elit proin interdum mauris non ligula pellentesque ultrices phasellus id sapien in sapien iaculis congue vivamus metus arcu adipiscing molestie', 'scheduled');
insert into schedules (id, class_course_assignment_id, room_id, date, session, topic, status) values (51, 3, 8, '2024-11-04', 'Afternoon', 'leo maecenas pulvinar lobortis est phasellus sit amet erat nulla tempus vivamus in felis eu', 'scheduled');
insert into schedules (id, class_course_assignment_id, room_id, date, session, topic, status) values (52, 9, 16, '2024-11-15', 'Afternoon', 'posuere metus vitae ipsum aliquam non mauris morbi non lectus aliquam', 'taught');
insert into schedules (id, class_course_assignment_id, room_id, date, session, topic, status) values (53, 1, 5, '2025-01-27', 'Morning', 'justo lacinia eget tincidunt eget tempus vel pede morbi porttitor lorem id ligula suspendisse', 'taught');
insert into schedules (id, class_course_assignment_id, room_id, date, session, topic, status) values (54, 15, 16, '2025-02-18', 'Morning', 'odio elementum eu interdum eu tincidunt in leo maecenas pulvinar lobortis est phasellus sit amet erat nulla tempus vivamus', 'taught');
insert into schedules (id, class_course_assignment_id, room_id, date, session, topic, status) values (55, 12, 1, '2024-10-17', 'Morning', 'viverra dapibus nulla suscipit ligula in lacus curabitur at ipsum ac tellus semper interdum', 'taught');
insert into schedules (id, class_course_assignment_id, room_id, date, session, topic, status) values (56, 13, 12, '2024-09-29', 'Morning', 'curae duis faucibus accumsan odio curabitur convallis duis consequat dui nec', 'taught');
insert into schedules (id, class_course_assignment_id, room_id, date, session, topic, status) values (57, 12, 11, '2025-02-25', 'Afternoon', 'vitae ipsum aliquam non mauris morbi non lectus aliquam sit amet diam in magna bibendum imperdiet nullam orci pede venenatis', 'cancelled');
insert into schedules (id, class_course_assignment_id, room_id, date, session, topic, status) values (58, 19, 19, '2024-09-21', 'Morning', 'molestie sed justo pellentesque viverra pede ac diam cras pellentesque', 'scheduled');
insert into schedules (id, class_course_assignment_id, room_id, date, session, topic, status) values (59, 11, 7, '2025-03-29', 'Afternoon', 'quisque arcu libero rutrum ac lobortis vel dapibus at diam nam tristique tortor eu', 'scheduled');
insert into schedules (id, class_course_assignment_id, room_id, date, session, topic, status) values (60, 3, 18, '2024-10-30', 'Afternoon', 'in faucibus orci luctus et ultrices posuere cubilia curae mauris viverra diam vitae', 'scheduled');
insert into schedules (id, class_course_assignment_id, room_id, date, session, topic, status) values (61, 18, 2, '2024-11-20', 'Afternoon', 'dolor morbi vel lectus in quam fringilla rhoncus mauris enim leo rhoncus sed', 'cancelled');
insert into schedules (id, class_course_assignment_id, room_id, date, session, topic, status) values (62, 13, 13, '2025-01-14', 'Afternoon', 'pede ullamcorper augue a suscipit nulla elit ac nulla sed vel enim sit amet', 'taught');
insert into schedules (id, class_course_assignment_id, room_id, date, session, topic, status) values (63, 16, 18, '2024-10-20', 'Afternoon', 'nam dui proin leo odio porttitor id consequat in consequat ut nulla sed accumsan felis ut at dolor quis', 'cancelled');
insert into schedules (id, class_course_assignment_id, room_id, date, session, topic, status) values (64, 19, 17, '2025-05-14', 'Afternoon', 'sem mauris laoreet ut rhoncus aliquet pulvinar sed nisl nunc rhoncus dui vel sem sed sagittis nam', 'cancelled');
insert into schedules (id, class_course_assignment_id, room_id, date, session, topic, status) values (65, 9, 12, '2024-10-09', 'Morning', 'adipiscing elit proin risus praesent lectus vestibulum quam sapien varius ut blandit non interdum in ante vestibulum ante', 'cancelled');
insert into schedules (id, class_course_assignment_id, room_id, date, session, topic, status) values (66, 6, 6, '2024-12-24', 'Morning', 'quisque erat eros viverra eget congue eget semper rutrum nulla nunc purus phasellus in felis donec semper', 'taught');
insert into schedules (id, class_course_assignment_id, room_id, date, session, topic, status) values (67, 6, 5, '2025-01-02', 'Morning', 'non mi integer ac neque duis bibendum morbi non quam', 'taught');
insert into schedules (id, class_course_assignment_id, room_id, date, session, topic, status) values (68, 11, 9, '2025-04-02', 'Afternoon', 'diam cras pellentesque volutpat dui maecenas tristique est et tempus semper est quam pharetra magna ac', 'scheduled');
insert into schedules (id, class_course_assignment_id, room_id, date, session, topic, status) values (69, 3, 3, '2024-11-30', 'Morning', 'aenean sit amet justo morbi ut odio cras mi pede malesuada in imperdiet et commodo', 'cancelled');
insert into schedules (id, class_course_assignment_id, room_id, date, session, topic, status) values (70, 16, 19, '2025-03-15', 'Afternoon', 'varius nulla facilisi cras non velit nec nisi vulputate nonummy maecenas tincidunt lacus at velit vivamus vel', 'scheduled');
insert into schedules (id, class_course_assignment_id, room_id, date, session, topic, status) values (71, 3, 4, '2024-09-18', 'Morning', 'mauris lacinia sapien quis libero nullam sit amet turpis elementum ligula', 'cancelled');
insert into schedules (id, class_course_assignment_id, room_id, date, session, topic, status) values (72, 7, 18, '2024-12-05', 'Morning', 'at nulla suspendisse potenti cras in purus eu magna vulputate luctus cum sociis natoque penatibus et magnis dis parturient', 'taught');
insert into schedules (id, class_course_assignment_id, room_id, date, session, topic, status) values (73, 13, 17, '2025-05-09', 'Afternoon', 'ipsum primis in faucibus orci luctus et ultrices posuere cubilia curae', 'taught');
insert into schedules (id, class_course_assignment_id, room_id, date, session, topic, status) values (74, 12, 7, '2024-12-03', 'Morning', 'erat tortor sollicitudin mi sit amet lobortis sapien sapien non mi integer ac neque duis bibendum morbi non quam nec', 'cancelled');
insert into schedules (id, class_course_assignment_id, room_id, date, session, topic, status) values (75, 16, 6, '2025-05-20', 'Morning', 'velit vivamus vel nulla eget eros elementum pellentesque quisque porta volutpat erat quisque erat eros', 'cancelled');
insert into schedules (id, class_course_assignment_id, room_id, date, session, topic, status) values (76, 5, 7, '2024-10-17', 'Morning', 'vulputate justo in blandit ultrices enim lorem ipsum dolor sit amet consectetuer adipiscing elit proin interdum mauris non ligula', 'scheduled');
insert into schedules (id, class_course_assignment_id, room_id, date, session, topic, status) values (77, 17, 18, '2024-10-31', 'Afternoon', 'vel lectus in quam fringilla rhoncus mauris enim leo rhoncus sed vestibulum sit', 'scheduled');
insert into schedules (id, class_course_assignment_id, room_id, date, session, topic, status) values (78, 15, 1, '2025-04-07', 'Morning', 'primis in faucibus orci luctus et ultrices posuere cubilia curae', 'scheduled');
insert into schedules (id, class_course_assignment_id, room_id, date, session, topic, status) values (79, 20, 1, '2025-04-10', 'Afternoon', 'amet erat nulla tempus vivamus in felis eu sapien cursus vestibulum proin', 'scheduled');
insert into schedules (id, class_course_assignment_id, room_id, date, session, topic, status) values (80, 12, 7, '2025-03-15', 'Morning', 'nascetur ridiculus mus etiam vel augue vestibulum rutrum rutrum neque aenean auctor', 'scheduled');
insert into schedules (id, class_course_assignment_id, room_id, date, session, topic, status) values (81, 14, 10, '2025-01-14', 'Morning', 'vivamus in felis eu sapien cursus vestibulum proin eu mi nulla ac enim in', 'scheduled');
insert into schedules (id, class_course_assignment_id, room_id, date, session, topic, status) values (82, 16, 14, '2025-05-22', 'Afternoon', 'cubilia curae nulla dapibus dolor vel est donec odio justo sollicitudin ut suscipit a feugiat', 'cancelled');
insert into schedules (id, class_course_assignment_id, room_id, date, session, topic, status) values (83, 17, 1, '2025-01-31', 'Morning', 'est quam pharetra magna ac consequat metus sapien ut nunc vestibulum', 'scheduled');
insert into schedules (id, class_course_assignment_id, room_id, date, session, topic, status) values (84, 10, 1, '2025-04-10', 'Afternoon', 'nisi at nibh in hac habitasse platea dictumst aliquam augue quam sollicitudin vitae consectetuer eget', 'taught');
insert into schedules (id, class_course_assignment_id, room_id, date, session, topic, status) values (85, 13, 17, '2024-09-23', 'Afternoon', 'donec quis orci eget orci vehicula condimentum curabitur in libero', 'cancelled');
insert into schedules (id, class_course_assignment_id, room_id, date, session, topic, status) values (86, 16, 19, '2025-04-22', 'Morning', 'consequat in consequat ut nulla sed accumsan felis ut at dolor quis odio', 'cancelled');
insert into schedules (id, class_course_assignment_id, room_id, date, session, topic, status) values (87, 13, 20, '2024-12-23', 'Morning', 'duis aliquam convallis nunc proin at turpis a pede posuere nonummy integer non velit donec diam neque vestibulum', 'cancelled');
insert into schedules (id, class_course_assignment_id, room_id, date, session, topic, status) values (88, 3, 18, '2025-03-19', 'Afternoon', 'mus vivamus vestibulum sagittis sapien cum sociis natoque penatibus et magnis dis parturient montes nascetur ridiculus mus etiam vel augue', 'cancelled');
insert into schedules (id, class_course_assignment_id, room_id, date, session, topic, status) values (89, 1, 13, '2025-05-25', 'Afternoon', 'nascetur ridiculus mus etiam vel augue vestibulum rutrum rutrum neque aenean auctor gravida sem praesent id', 'scheduled');
insert into schedules (id, class_course_assignment_id, room_id, date, session, topic, status) values (90, 3, 16, '2025-02-22', 'Afternoon', 'volutpat dui maecenas tristique est et tempus semper est quam pharetra magna ac consequat metus sapien ut nunc vestibulum', 'scheduled');
insert into schedules (id, class_course_assignment_id, room_id, date, session, topic, status) values (91, 9, 18, '2024-09-21', 'Morning', 'vestibulum ante ipsum primis in faucibus orci luctus et ultrices posuere cubilia', 'taught');
insert into schedules (id, class_course_assignment_id, room_id, date, session, topic, status) values (92, 17, 3, '2025-04-12', 'Afternoon', 'integer ac leo pellentesque ultrices mattis odio donec vitae nisi nam ultrices libero non mattis pulvinar', 'taught');
insert into schedules (id, class_course_assignment_id, room_id, date, session, topic, status) values (93, 13, 16, '2025-05-21', 'Morning', 'odio justo sollicitudin ut suscipit a feugiat et eros vestibulum ac est lacinia nisi venenatis', 'taught');
insert into schedules (id, class_course_assignment_id, room_id, date, session, topic, status) values (94, 5, 14, '2025-04-07', 'Morning', 'hac habitasse platea dictumst aliquam augue quam sollicitudin vitae consectetuer', 'taught');
insert into schedules (id, class_course_assignment_id, room_id, date, session, topic, status) values (95, 15, 8, '2024-11-17', 'Afternoon', 'sed vel enim sit amet nunc viverra dapibus nulla suscipit ligula in lacus', 'scheduled');
insert into schedules (id, class_course_assignment_id, room_id, date, session, topic, status) values (96, 15, 16, '2024-10-24', 'Afternoon', 'ultrices aliquet maecenas leo odio condimentum id luctus nec molestie', 'cancelled');
insert into schedules (id, class_course_assignment_id, room_id, date, session, topic, status) values (97, 2, 16, '2025-04-14', 'Afternoon', 'proin at turpis a pede posuere nonummy integer non velit donec diam neque vestibulum eget', 'taught');
insert into schedules (id, class_course_assignment_id, room_id, date, session, topic, status) values (98, 9, 4, '2024-11-06', 'Afternoon', 'orci nullam molestie nibh in lectus pellentesque at nulla suspendisse potenti cras in purus', 'cancelled');
insert into schedules (id, class_course_assignment_id, room_id, date, session, topic, status) values (99, 5, 8, '2025-05-07', 'Morning', 'faucibus orci luctus et ultrices posuere cubilia curae nulla dapibus dolor vel est donec odio justo sollicitudin ut', 'taught');
insert into schedules (id, class_course_assignment_id, room_id, date, session, topic, status) values (100, 2, 15, '2024-10-22', 'Morning', 'sapien cursus vestibulum proin eu mi nulla ac enim in', 'scheduled');

--Bảng attendances
insert into attendances (id, schedule_id, student_id, status) values (1, 18, 74, 'late');
insert into attendances (id, schedule_id, student_id, status) values (2, 5, 84, 'late');
insert into attendances (id, schedule_id, student_id, status) values (3, 19, 44, 'late');
insert into attendances (id, schedule_id, student_id, status) values (4, 2, 67, 'present');
insert into attendances (id, schedule_id, student_id, status) values (5, 13, 87, 'present');
insert into attendances (id, schedule_id, student_id, status) values (6, 10, 62, 'late');
insert into attendances (id, schedule_id, student_id, status) values (7, 17, 47, 'present');
insert into attendances (id, schedule_id, student_id, status) values (8, 15, 35, 'present');
insert into attendances (id, schedule_id, student_id, status) values (9, 12, 44, 'late');
insert into attendances (id, schedule_id, student_id, status) values (10, 6, 49, 'late');
insert into attendances (id, schedule_id, student_id, status) values (11, 8, 98, 'present');
insert into attendances (id, schedule_id, student_id, status) values (12, 16, 98, 'absent');
insert into attendances (id, schedule_id, student_id, status) values (13, 18, 47, 'absent');
insert into attendances (id, schedule_id, student_id, status) values (14, 5, 55, 'absent');
insert into attendances (id, schedule_id, student_id, status) values (15, 13, 99, 'absent');
insert into attendances (id, schedule_id, student_id, status) values (16, 19, 41, 'absent');
insert into attendances (id, schedule_id, student_id, status) values (17, 20, 95, 'present');
insert into attendances (id, schedule_id, student_id, status) values (18, 12, 38, 'late');
insert into attendances (id, schedule_id, student_id, status) values (19, 1, 66, 'late');
insert into attendances (id, schedule_id, student_id, status) values (20, 14, 97, 'present');
insert into attendances (id, schedule_id, student_id, status) values (21, 9, 54, 'late');
insert into attendances (id, schedule_id, student_id, status) values (22, 5, 46, 'absent');
insert into attendances (id, schedule_id, student_id, status) values (23, 11, 63, 'absent');
insert into attendances (id, schedule_id, student_id, status) values (24, 2, 49, 'late');
insert into attendances (id, schedule_id, student_id, status) values (25, 1, 58, 'late');
insert into attendances (id, schedule_id, student_id, status) values (26, 5, 46, 'late');
insert into attendances (id, schedule_id, student_id, status) values (27, 7, 34, 'late');
insert into attendances (id, schedule_id, student_id, status) values (28, 10, 37, 'absent');
insert into attendances (id, schedule_id, student_id, status) values (29, 4, 42, 'late');
insert into attendances (id, schedule_id, student_id, status) values (30, 16, 31, 'absent');
insert into attendances (id, schedule_id, student_id, status) values (31, 20, 83, 'late');
insert into attendances (id, schedule_id, student_id, status) values (32, 1, 91, 'present');
insert into attendances (id, schedule_id, student_id, status) values (33, 7, 31, 'absent');
insert into attendances (id, schedule_id, student_id, status) values (34, 16, 61, 'late');
insert into attendances (id, schedule_id, student_id, status) values (35, 17, 96, 'late');
insert into attendances (id, schedule_id, student_id, status) values (36, 1, 41, 'absent');
insert into attendances (id, schedule_id, student_id, status) values (37, 7, 63, 'absent');
insert into attendances (id, schedule_id, student_id, status) values (38, 11, 46, 'late');
insert into attendances (id, schedule_id, student_id, status) values (39, 18, 51, 'present');
insert into attendances (id, schedule_id, student_id, status) values (40, 10, 38, 'present');
insert into attendances (id, schedule_id, student_id, status) values (41, 20, 61, 'absent');
insert into attendances (id, schedule_id, student_id, status) values (42, 19, 63, 'absent');
insert into attendances (id, schedule_id, student_id, status) values (43, 5, 43, 'present');
insert into attendances (id, schedule_id, student_id, status) values (44, 18, 39, 'present');
insert into attendances (id, schedule_id, student_id, status) values (45, 14, 80, 'late');
insert into attendances (id, schedule_id, student_id, status) values (46, 5, 43, 'absent');
insert into attendances (id, schedule_id, student_id, status) values (47, 14, 65, 'late');
insert into attendances (id, schedule_id, student_id, status) values (48, 15, 88, 'late');
insert into attendances (id, schedule_id, student_id, status) values (49, 8, 77, 'absent');
insert into attendances (id, schedule_id, student_id, status) values (50, 17, 49, 'present');
insert into attendances (id, schedule_id, student_id, status) values (51, 5, 41, 'present');
insert into attendances (id, schedule_id, student_id, status) values (52, 19, 67, 'late');
insert into attendances (id, schedule_id, student_id, status) values (53, 3, 47, 'present');
insert into attendances (id, schedule_id, student_id, status) values (54, 2, 41, 'late');
insert into attendances (id, schedule_id, student_id, status) values (55, 13, 96, 'late');
insert into attendances (id, schedule_id, student_id, status) values (56, 4, 80, 'absent');
insert into attendances (id, schedule_id, student_id, status) values (57, 7, 92, 'present');
insert into attendances (id, schedule_id, student_id, status) values (58, 20, 38, 'absent');
insert into attendances (id, schedule_id, student_id, status) values (59, 11, 89, 'late');
insert into attendances (id, schedule_id, student_id, status) values (60, 13, 86, 'late');
insert into attendances (id, schedule_id, student_id, status) values (61, 8, 32, 'absent');
insert into attendances (id, schedule_id, student_id, status) values (62, 1, 76, 'absent');
insert into attendances (id, schedule_id, student_id, status) values (63, 17, 49, 'present');
insert into attendances (id, schedule_id, student_id, status) values (64, 18, 68, 'late');
insert into attendances (id, schedule_id, student_id, status) values (65, 19, 54, 'late');
insert into attendances (id, schedule_id, student_id, status) values (66, 14, 81, 'absent');
insert into attendances (id, schedule_id, student_id, status) values (67, 15, 42, 'late');
insert into attendances (id, schedule_id, student_id, status) values (68, 16, 61, 'absent');
insert into attendances (id, schedule_id, student_id, status) values (69, 15, 53, 'present');
insert into attendances (id, schedule_id, student_id, status) values (70, 18, 51, 'present');
insert into attendances (id, schedule_id, student_id, status) values (71, 11, 70, 'absent');
insert into attendances (id, schedule_id, student_id, status) values (72, 6, 81, 'present');
insert into attendances (id, schedule_id, student_id, status) values (73, 14, 39, 'absent');
insert into attendances (id, schedule_id, student_id, status) values (74, 4, 62, 'present');
insert into attendances (id, schedule_id, student_id, status) values (75, 9, 55, 'absent');
insert into attendances (id, schedule_id, student_id, status) values (76, 19, 42, 'absent');
insert into attendances (id, schedule_id, student_id, status) values (77, 18, 48, 'late');
insert into attendances (id, schedule_id, student_id, status) values (78, 3, 62, 'absent');
insert into attendances (id, schedule_id, student_id, status) values (79, 9, 71, 'present');
insert into attendances (id, schedule_id, student_id, status) values (80, 14, 41, 'present');
insert into attendances (id, schedule_id, student_id, status) values (81, 5, 51, 'absent');
insert into attendances (id, schedule_id, student_id, status) values (82, 4, 52, 'present');
insert into attendances (id, schedule_id, student_id, status) values (83, 10, 39, 'absent');
insert into attendances (id, schedule_id, student_id, status) values (84, 19, 92, 'late');
insert into attendances (id, schedule_id, student_id, status) values (85, 14, 76, 'late');
insert into attendances (id, schedule_id, student_id, status) values (86, 1, 95, 'absent');
insert into attendances (id, schedule_id, student_id, status) values (87, 7, 37, 'absent');
insert into attendances (id, schedule_id, student_id, status) values (88, 16, 88, 'absent');
insert into attendances (id, schedule_id, student_id, status) values (89, 15, 75, 'present');
insert into attendances (id, schedule_id, student_id, status) values (90, 5, 84, 'late');
insert into attendances (id, schedule_id, student_id, status) values (91, 8, 59, 'late');
insert into attendances (id, schedule_id, student_id, status) values (92, 1, 34, 'present');
insert into attendances (id, schedule_id, student_id, status) values (93, 14, 95, 'late');
insert into attendances (id, schedule_id, student_id, status) values (94, 14, 90, 'late');
insert into attendances (id, schedule_id, student_id, status) values (95, 7, 74, 'present');
insert into attendances (id, schedule_id, student_id, status) values (96, 19, 93, 'present');
insert into attendances (id, schedule_id, student_id, status) values (97, 18, 34, 'late');
insert into attendances (id, schedule_id, student_id, status) values (98, 6, 42, 'absent');
insert into attendances (id, schedule_id, student_id, status) values (99, 20, 38, 'absent');
insert into attendances (id, schedule_id, student_id, status) values (100, 4, 39, 'absent');

--Bảng leave_requests
insert into leave_requests (id, teacher_id, schedule_id, reason, document_url, status, approved_by) values (1, 11, 38, 'Lorem ipsum dolor sit amet, consectetuer adipiscing elit. Proin interdum mauris non ligula pellentesque ultrices. Phasellus id sapien in sapien iaculis congue. Vivamus metus arcu, adipiscing molestie, hendrerit at, vulputate vitae, nisl. Aenean lectus. Pellentesque eget nunc. Donec quis orci eget orci vehicula condimentum. Curabitur in libero ut massa volutpat convallis.', '/quis/libero/nullam/sit/amet/turpis/elementum.xml', 'pending', 6);
insert into leave_requests (id, teacher_id, schedule_id, reason, document_url, status, approved_by) values (2, 13, 37, 'In congue. Etiam justo. Etiam pretium iaculis justo. In hac habitasse platea dictumst. Etiam faucibus cursus urna. Ut tellus. Nulla ut erat id mauris vulputate elementum. Nullam varius. Nulla facilisi.', '/maecenas/tristique/est/et/tempus/semper/est.json', 'rejected', 12);
insert into leave_requests (id, teacher_id, schedule_id, reason, document_url, status, approved_by) values (3, 8, 71, 'Integer non velit. Donec diam neque, vestibulum eget, vulputate ut, ultrices vel, augue. Vestibulum ante ipsum primis in faucibus orci luctus et ultrices posuere cubilia Curae; Donec pharetra, magna vestibulum aliquet ultrices, erat tortor sollicitudin mi, sit amet lobortis sapien sapien non mi. Integer ac neque. Duis bibendum. Morbi non quam nec dui luctus rutrum. Nulla tellus.', '/ut/odio/cras/mi/pede/malesuada.jsp', 'pending', 17);
insert into leave_requests (id, teacher_id, schedule_id, reason, document_url, status, approved_by) values (4, 17, 76, 'Aenean sit amet justo. Morbi ut odio. Cras mi pede, malesuada in, imperdiet et, commodo vulputate, justo. In blandit ultrices enim. Lorem ipsum dolor sit amet, consectetuer adipiscing elit.', '/a/pede/posuere/nonummy/integer.html', 'approved', 8);
insert into leave_requests (id, teacher_id, schedule_id, reason, document_url, status, approved_by) values (5, 16, 85, 'Cras in purus eu magna vulputate luctus. Cum sociis natoque penatibus et magnis dis parturient montes, nascetur ridiculus mus. Vivamus vestibulum sagittis sapien. Cum sociis natoque penatibus et magnis dis parturient montes, nascetur ridiculus mus. Etiam vel augue. Vestibulum rutrum rutrum neque. Aenean auctor gravida sem. Praesent id massa id nisl venenatis lacinia. Aenean sit amet justo.', '/convallis/eget/eleifend/luctus/ultricies/eu.png', 'approved', 10);
insert into leave_requests (id, teacher_id, schedule_id, reason, document_url, status, approved_by) values (6, 14, 40, 'Pellentesque viverra pede ac diam. Cras pellentesque volutpat dui. Maecenas tristique, est et tempus semper, est quam pharetra magna, ac consequat metus sapien ut nunc. Vestibulum ante ipsum primis in faucibus orci luctus et ultrices posuere cubilia Curae; Mauris viverra diam vitae quam. Suspendisse potenti. Nullam porttitor lacus at turpis.', '/sit/amet/sem.aspx', 'rejected', 4);
insert into leave_requests (id, teacher_id, schedule_id, reason, document_url, status, approved_by) values (7, 4, 57, 'Morbi sem mauris, laoreet ut, rhoncus aliquet, pulvinar sed, nisl. Nunc rhoncus dui vel sem. Sed sagittis. Nam congue, risus semper porta volutpat, quam pede lobortis ligula, sit amet eleifend pede libero quis orci. Nullam molestie nibh in lectus. Pellentesque at nulla. Suspendisse potenti.', '/massa/id/nisl/venenatis.png', 'pending', 20);
insert into leave_requests (id, teacher_id, schedule_id, reason, document_url, status, approved_by) values (8, 20, 97, 'Curabitur at ipsum ac tellus semper interdum. Mauris ullamcorper purus sit amet nulla. Quisque arcu libero, rutrum ac, lobortis vel, dapibus at, diam. Nam tristique tortor eu pede.', '/velit/donec/diam/neque/vestibulum/eget.aspx', 'rejected', 4);
insert into leave_requests (id, teacher_id, schedule_id, reason, document_url, status, approved_by) values (9, 6, 38, 'Aliquam quis turpis eget elit sodales scelerisque. Mauris sit amet eros. Suspendisse accumsan tortor quis turpis.', '/etiam.png', 'approved', 9);
insert into leave_requests (id, teacher_id, schedule_id, reason, document_url, status, approved_by) values (10, 16, 59, 'Pellentesque eget nunc. Donec quis orci eget orci vehicula condimentum. Curabitur in libero ut massa volutpat convallis. Morbi odio odio, elementum eu, interdum eu, tincidunt in, leo. Maecenas pulvinar lobortis est.', '/cubilia/curae/donec/pharetra/magna/vestibulum/aliquet.xml', 'approved', 11);
insert into leave_requests (id, teacher_id, schedule_id, reason, document_url, status, approved_by) values (11, 18, 31, 'Phasellus in felis. Donec semper sapien a libero. Nam dui. Proin leo odio, porttitor id, consequat in, consequat ut, nulla. Sed accumsan felis. Ut at dolor quis odio consequat varius. Integer ac leo. Pellentesque ultrices mattis odio.', '/duis/at/velit/eu/est.json', 'approved', 2);
insert into leave_requests (id, teacher_id, schedule_id, reason, document_url, status, approved_by) values (12, 7, 58, 'Suspendisse accumsan tortor quis turpis. Sed ante.', '/volutpat.png', 'rejected', 8);
insert into leave_requests (id, teacher_id, schedule_id, reason, document_url, status, approved_by) values (13, 1, 39, 'Cras in purus eu magna vulputate luctus. Cum sociis natoque penatibus et magnis dis parturient montes, nascetur ridiculus mus. Vivamus vestibulum sagittis sapien.', '/ligula.html', 'approved', 10);
insert into leave_requests (id, teacher_id, schedule_id, reason, document_url, status, approved_by) values (14, 19, 79, 'Suspendisse potenti. In eleifend quam a odio. In hac habitasse platea dictumst. Maecenas ut massa quis augue luctus tincidunt.', '/semper/sapien/a/libero/nam.json', 'approved', 11);
insert into leave_requests (id, teacher_id, schedule_id, reason, document_url, status, approved_by) values (15, 13, 59, 'Vivamus vel nulla eget eros elementum pellentesque.', '/nullam/porttitor.jsp', 'approved', 2);
insert into leave_requests (id, teacher_id, schedule_id, reason, document_url, status, approved_by) values (16, 14, 79, 'In hac habitasse platea dictumst. Maecenas ut massa quis augue luctus tincidunt. Nulla mollis molestie lorem.', '/non.js', 'rejected', 5);
insert into leave_requests (id, teacher_id, schedule_id, reason, document_url, status, approved_by) values (17, 9, 46, 'Morbi a ipsum. Integer a nibh. In quis justo. Maecenas rhoncus aliquam lacus.', '/condimentum/neque/sapien/placerat.xml', 'pending', 3);
insert into leave_requests (id, teacher_id, schedule_id, reason, document_url, status, approved_by) values (18, 8, 61, 'Fusce lacus purus, aliquet at, feugiat non, pretium quis, lectus. Suspendisse potenti. In eleifend quam a odio. In hac habitasse platea dictumst. Maecenas ut massa quis augue luctus tincidunt. Nulla mollis molestie lorem. Quisque ut erat. Curabitur gravida nisi at nibh.', '/in/purus.xml', 'rejected', 18);
insert into leave_requests (id, teacher_id, schedule_id, reason, document_url, status, approved_by) values (19, 2, 96, 'In congue. Etiam justo. Etiam pretium iaculis justo. In hac habitasse platea dictumst. Etiam faucibus cursus urna. Ut tellus. Nulla ut erat id mauris vulputate elementum. Nullam varius.', '/bibendum/imperdiet/nullam/orci/pede.jsp', 'rejected', 2);
insert into leave_requests (id, teacher_id, schedule_id, reason, document_url, status, approved_by) values (20, 14, 74, 'Integer ac neque. Duis bibendum. Morbi non quam nec dui luctus rutrum. Nulla tellus. In sagittis dui vel nisl. Duis ac nibh. Fusce lacus purus, aliquet at, feugiat non, pretium quis, lectus. Suspendisse potenti. In eleifend quam a odio. In hac habitasse platea dictumst.', '/rutrum/ac/lobortis.jsp', 'pending', 13);
insert into leave_requests (id, teacher_id, schedule_id, reason, document_url, status, approved_by) values (21, 16, 96, 'Duis bibendum. Morbi non quam nec dui luctus rutrum. Nulla tellus. In sagittis dui vel nisl. Duis ac nibh.', '/non/mi/integer/ac.html', 'rejected', 19);
insert into leave_requests (id, teacher_id, schedule_id, reason, document_url, status, approved_by) values (22, 20, 64, 'Vivamus metus arcu, adipiscing molestie, hendrerit at, vulputate vitae, nisl. Aenean lectus. Pellentesque eget nunc. Donec quis orci eget orci vehicula condimentum. Curabitur in libero ut massa volutpat convallis. Morbi odio odio, elementum eu, interdum eu, tincidunt in, leo. Maecenas pulvinar lobortis est.', '/ultrices/posuere/cubilia/curae/duis/faucibus/accumsan.jpg', 'rejected', 14);
insert into leave_requests (id, teacher_id, schedule_id, reason, document_url, status, approved_by) values (23, 9, 46, 'Vivamus in felis eu sapien cursus vestibulum. Proin eu mi.', '/aliquam/augue/quam/sollicitudin.aspx', 'pending', 1);
insert into leave_requests (id, teacher_id, schedule_id, reason, document_url, status, approved_by) values (24, 4, 56, 'Vestibulum ac est lacinia nisi venenatis tristique. Fusce congue, diam id ornare imperdiet, sapien urna pretium nisl, ut volutpat sapien arcu sed augue. Aliquam erat volutpat. In congue. Etiam justo. Etiam pretium iaculis justo. In hac habitasse platea dictumst. Etiam faucibus cursus urna. Ut tellus.', '/nonummy/integer/non/velit/donec.js', 'rejected', 20);
insert into leave_requests (id, teacher_id, schedule_id, reason, document_url, status, approved_by) values (25, 12, 50, 'Integer aliquet, massa id lobortis convallis, tortor risus dapibus augue, vel accumsan tellus nisi eu orci. Mauris lacinia sapien quis libero. Nullam sit amet turpis elementum ligula vehicula consequat. Morbi a ipsum. Integer a nibh. In quis justo. Maecenas rhoncus aliquam lacus.', '/vel/pede/morbi/porttitor/lorem/id.aspx', 'approved', 1);
insert into leave_requests (id, teacher_id, schedule_id, reason, document_url, status, approved_by) values (26, 6, 91, 'In eleifend quam a odio. In hac habitasse platea dictumst. Maecenas ut massa quis augue luctus tincidunt. Nulla mollis molestie lorem. Quisque ut erat. Curabitur gravida nisi at nibh.', '/primis/in/faucibus/orci/luctus/et.aspx', 'rejected', 3);
insert into leave_requests (id, teacher_id, schedule_id, reason, document_url, status, approved_by) values (27, 8, 36, 'Duis ac nibh. Fusce lacus purus, aliquet at, feugiat non, pretium quis, lectus. Suspendisse potenti. In eleifend quam a odio.', '/eget.png', 'pending', 6);
insert into leave_requests (id, teacher_id, schedule_id, reason, document_url, status, approved_by) values (28, 8, 38, 'Morbi odio odio, elementum eu, interdum eu, tincidunt in, leo. Maecenas pulvinar lobortis est. Phasellus sit amet erat. Nulla tempus. Vivamus in felis eu sapien cursus vestibulum. Proin eu mi. Nulla ac enim. In tempor, turpis nec euismod scelerisque, quam turpis adipiscing lorem, vitae mattis nibh ligula nec sem.', '/pretium/nisl/ut/volutpat.png', 'rejected', 5);
insert into leave_requests (id, teacher_id, schedule_id, reason, document_url, status, approved_by) values (29, 16, 65, 'Nulla ac enim. In tempor, turpis nec euismod scelerisque, quam turpis adipiscing lorem, vitae mattis nibh ligula nec sem. Duis aliquam convallis nunc. Proin at turpis a pede posuere nonummy. Integer non velit. Donec diam neque, vestibulum eget, vulputate ut, ultrices vel, augue.', '/ac/consequat/metus.json', 'pending', 4);
insert into leave_requests (id, teacher_id, schedule_id, reason, document_url, status, approved_by) values (30, 10, 53, 'Praesent lectus. Vestibulum quam sapien, varius ut, blandit non, interdum in, ante. Vestibulum ante ipsum primis in faucibus orci luctus et ultrices posuere cubilia Curae; Duis faucibus accumsan odio. Curabitur convallis. Duis consequat dui nec nisi volutpat eleifend. Donec ut dolor. Morbi vel lectus in quam fringilla rhoncus. Mauris enim leo, rhoncus sed, vestibulum sit amet, cursus id, turpis. Integer aliquet, massa id lobortis convallis, tortor risus dapibus augue, vel accumsan tellus nisi eu orci. Mauris lacinia sapien quis libero.', '/ac/nibh/fusce/lacus.jsp', 'rejected', 12);
insert into leave_requests (id, teacher_id, schedule_id, reason, document_url, status, approved_by) values (31, 6, 85, 'Donec odio justo, sollicitudin ut, suscipit a, feugiat et, eros. Vestibulum ac est lacinia nisi venenatis tristique. Fusce congue, diam id ornare imperdiet, sapien urna pretium nisl, ut volutpat sapien arcu sed augue. Aliquam erat volutpat. In congue. Etiam justo. Etiam pretium iaculis justo. In hac habitasse platea dictumst.', '/at.html', 'rejected', 3);
insert into leave_requests (id, teacher_id, schedule_id, reason, document_url, status, approved_by) values (32, 15, 72, 'Vivamus in felis eu sapien cursus vestibulum. Proin eu mi. Nulla ac enim. In tempor, turpis nec euismod scelerisque, quam turpis adipiscing lorem, vitae mattis nibh ligula nec sem. Duis aliquam convallis nunc. Proin at turpis a pede posuere nonummy. Integer non velit.', '/curae.jpg', 'rejected', 3);
insert into leave_requests (id, teacher_id, schedule_id, reason, document_url, status, approved_by) values (33, 19, 91, 'In eleifend quam a odio. In hac habitasse platea dictumst. Maecenas ut massa quis augue luctus tincidunt. Nulla mollis molestie lorem.', '/tellus/nisi/eu/orci/mauris/lacinia.xml', 'rejected', 2);
insert into leave_requests (id, teacher_id, schedule_id, reason, document_url, status, approved_by) values (34, 20, 61, 'Integer non velit.', '/potenti/nullam/porttitor.png', 'approved', 14);
insert into leave_requests (id, teacher_id, schedule_id, reason, document_url, status, approved_by) values (35, 14, 45, 'Aliquam erat volutpat. In congue. Etiam justo.', '/volutpat/dui/maecenas/tristique/est/et/tempus.html', 'rejected', 20);
insert into leave_requests (id, teacher_id, schedule_id, reason, document_url, status, approved_by) values (36, 19, 77, 'Vivamus vel nulla eget eros elementum pellentesque. Quisque porta volutpat erat. Quisque erat eros, viverra eget, congue eget, semper rutrum, nulla. Nunc purus. Phasellus in felis. Donec semper sapien a libero. Nam dui.', '/lobortis/sapien/sapien.xml', 'rejected', 18);
insert into leave_requests (id, teacher_id, schedule_id, reason, document_url, status, approved_by) values (37, 17, 72, 'Nulla tellus. In sagittis dui vel nisl. Duis ac nibh. Fusce lacus purus, aliquet at, feugiat non, pretium quis, lectus. Suspendisse potenti. In eleifend quam a odio. In hac habitasse platea dictumst. Maecenas ut massa quis augue luctus tincidunt. Nulla mollis molestie lorem.', '/eros/viverra/eget/congue.jpg', 'rejected', 2);
insert into leave_requests (id, teacher_id, schedule_id, reason, document_url, status, approved_by) values (38, 13, 64, 'Fusce lacus purus, aliquet at, feugiat non, pretium quis, lectus. Suspendisse potenti. In eleifend quam a odio. In hac habitasse platea dictumst. Maecenas ut massa quis augue luctus tincidunt. Nulla mollis molestie lorem. Quisque ut erat. Curabitur gravida nisi at nibh. In hac habitasse platea dictumst.', '/quis/orci/eget.aspx', 'approved', 16);
insert into leave_requests (id, teacher_id, schedule_id, reason, document_url, status, approved_by) values (39, 20, 93, 'Curabitur gravida nisi at nibh. In hac habitasse platea dictumst. Aliquam augue quam, sollicitudin vitae, consectetuer eget, rutrum at, lorem. Integer tincidunt ante vel ipsum.', '/neque/aenean/auctor/gravida/sem/praesent.jpg', 'rejected', 9);
insert into leave_requests (id, teacher_id, schedule_id, reason, document_url, status, approved_by) values (40, 4, 68, 'Donec dapibus. Duis at velit eu est congue elementum. In hac habitasse platea dictumst. Morbi vestibulum, velit id pretium iaculis, diam erat fermentum justo, nec condimentum neque sapien placerat ante. Nulla justo. Aliquam quis turpis eget elit sodales scelerisque. Mauris sit amet eros. Suspendisse accumsan tortor quis turpis. Sed ante.', '/lectus/suspendisse/potenti.xml', 'rejected', 10);
insert into leave_requests (id, teacher_id, schedule_id, reason, document_url, status, approved_by) values (41, 4, 82, 'Nullam molestie nibh in lectus. Pellentesque at nulla. Suspendisse potenti. Cras in purus eu magna vulputate luctus.', '/luctus/et/ultrices.aspx', 'rejected', 9);
insert into leave_requests (id, teacher_id, schedule_id, reason, document_url, status, approved_by) values (42, 4, 84, 'Morbi porttitor lorem id ligula. Suspendisse ornare consequat lectus. In est risus, auctor sed, tristique in, tempus sit amet, sem. Fusce consequat. Nulla nisl. Nunc nisl. Duis bibendum, felis sed interdum venenatis, turpis enim blandit mi, in porttitor pede justo eu massa. Donec dapibus. Duis at velit eu est congue elementum. In hac habitasse platea dictumst.', '/consequat/ut/nulla.jpg', 'rejected', 4);
insert into leave_requests (id, teacher_id, schedule_id, reason, document_url, status, approved_by) values (43, 5, 34, 'Duis at velit eu est congue elementum. In hac habitasse platea dictumst. Morbi vestibulum, velit id pretium iaculis, diam erat fermentum justo, nec condimentum neque sapien placerat ante. Nulla justo. Aliquam quis turpis eget elit sodales scelerisque. Mauris sit amet eros. Suspendisse accumsan tortor quis turpis.', '/ac.html', 'rejected', 2);
insert into leave_requests (id, teacher_id, schedule_id, reason, document_url, status, approved_by) values (44, 1, 72, 'Pellentesque at nulla. Suspendisse potenti. Cras in purus eu magna vulputate luctus. Cum sociis natoque penatibus et magnis dis parturient montes, nascetur ridiculus mus. Vivamus vestibulum sagittis sapien. Cum sociis natoque penatibus et magnis dis parturient montes, nascetur ridiculus mus.', '/risus/dapibus/augue/vel/accumsan.js', 'approved', 5);
insert into leave_requests (id, teacher_id, schedule_id, reason, document_url, status, approved_by) values (45, 7, 48, 'Etiam vel augue. Vestibulum rutrum rutrum neque. Aenean auctor gravida sem. Praesent id massa id nisl venenatis lacinia. Aenean sit amet justo.', '/dapibus/nulla/suscipit/ligula/in/lacus/curabitur.json', 'pending', 20);
insert into leave_requests (id, teacher_id, schedule_id, reason, document_url, status, approved_by) values (46, 8, 47, 'Vivamus in felis eu sapien cursus vestibulum. Proin eu mi. Nulla ac enim. In tempor, turpis nec euismod scelerisque, quam turpis adipiscing lorem, vitae mattis nibh ligula nec sem. Duis aliquam convallis nunc. Proin at turpis a pede posuere nonummy. Integer non velit.', '/aliquet/maecenas.json', 'rejected', 6);
insert into leave_requests (id, teacher_id, schedule_id, reason, document_url, status, approved_by) values (47, 20, 60, 'Etiam justo. Etiam pretium iaculis justo. In hac habitasse platea dictumst. Etiam faucibus cursus urna. Ut tellus. Nulla ut erat id mauris vulputate elementum.', '/integer/aliquet/massa/id/lobortis/convallis.xml', 'approved', 9);
insert into leave_requests (id, teacher_id, schedule_id, reason, document_url, status, approved_by) values (48, 1, 90, 'Quisque erat eros, viverra eget, congue eget, semper rutrum, nulla. Nunc purus. Phasellus in felis. Donec semper sapien a libero. Nam dui. Proin leo odio, porttitor id, consequat in, consequat ut, nulla. Sed accumsan felis. Ut at dolor quis odio consequat varius. Integer ac leo. Pellentesque ultrices mattis odio.', '/faucibus.jsp', 'pending', 1);
insert into leave_requests (id, teacher_id, schedule_id, reason, document_url, status, approved_by) values (49, 7, 41, 'Phasellus sit amet erat. Nulla tempus.', '/porttitor/pede/justo/eu/massa/donec.jsp', 'rejected', 16);
insert into leave_requests (id, teacher_id, schedule_id, reason, document_url, status, approved_by) values (50, 4, 59, 'Maecenas tincidunt lacus at velit. Vivamus vel nulla eget eros elementum pellentesque. Quisque porta volutpat erat.', '/etiam.aspx', 'rejected', 7);
insert into leave_requests (id, teacher_id, schedule_id, reason, document_url, status, approved_by) values (51, 11, 80, 'Nulla suscipit ligula in lacus. Curabitur at ipsum ac tellus semper interdum. Mauris ullamcorper purus sit amet nulla. Quisque arcu libero, rutrum ac, lobortis vel, dapibus at, diam.', '/ac/neque/duis/bibendum/morbi/non.jpg', 'rejected', 11);
insert into leave_requests (id, teacher_id, schedule_id, reason, document_url, status, approved_by) values (52, 12, 53, 'Cras non velit nec nisi vulputate nonummy. Maecenas tincidunt lacus at velit. Vivamus vel nulla eget eros elementum pellentesque. Quisque porta volutpat erat.', '/turpis/a/pede/posuere.js', 'pending', 11);
insert into leave_requests (id, teacher_id, schedule_id, reason, document_url, status, approved_by) values (53, 20, 82, 'Integer a nibh. In quis justo. Maecenas rhoncus aliquam lacus.', '/ipsum/integer/a.xml', 'pending', 15);
insert into leave_requests (id, teacher_id, schedule_id, reason, document_url, status, approved_by) values (54, 14, 50, 'Maecenas tristique, est et tempus semper, est quam pharetra magna, ac consequat metus sapien ut nunc. Vestibulum ante ipsum primis in faucibus orci luctus et ultrices posuere cubilia Curae; Mauris viverra diam vitae quam. Suspendisse potenti. Nullam porttitor lacus at turpis. Donec posuere metus vitae ipsum. Aliquam non mauris. Morbi non lectus.', '/montes.js', 'approved', 10);
insert into leave_requests (id, teacher_id, schedule_id, reason, document_url, status, approved_by) values (55, 4, 56, 'In hac habitasse platea dictumst. Morbi vestibulum, velit id pretium iaculis, diam erat fermentum justo, nec condimentum neque sapien placerat ante. Nulla justo.', '/placerat/praesent/blandit.html', 'pending', 2);
insert into leave_requests (id, teacher_id, schedule_id, reason, document_url, status, approved_by) values (56, 9, 82, 'Duis bibendum. Morbi non quam nec dui luctus rutrum. Nulla tellus. In sagittis dui vel nisl.', '/curabitur/in/libero/ut/massa/volutpat/convallis.jsp', 'approved', 13);
insert into leave_requests (id, teacher_id, schedule_id, reason, document_url, status, approved_by) values (57, 9, 90, 'Aliquam non mauris. Morbi non lectus. Aliquam sit amet diam in magna bibendum imperdiet. Nullam orci pede, venenatis non, sodales sed, tincidunt eu, felis. Fusce posuere felis sed lacus. Morbi sem mauris, laoreet ut, rhoncus aliquet, pulvinar sed, nisl. Nunc rhoncus dui vel sem. Sed sagittis. Nam congue, risus semper porta volutpat, quam pede lobortis ligula, sit amet eleifend pede libero quis orci.', '/orci/luctus.xml', 'pending', 20);
insert into leave_requests (id, teacher_id, schedule_id, reason, document_url, status, approved_by) values (58, 15, 96, 'Proin leo odio, porttitor id, consequat in, consequat ut, nulla. Sed accumsan felis. Ut at dolor quis odio consequat varius. Integer ac leo. Pellentesque ultrices mattis odio. Donec vitae nisi. Nam ultrices, libero non mattis pulvinar, nulla pede ullamcorper augue, a suscipit nulla elit ac nulla. Sed vel enim sit amet nunc viverra dapibus. Nulla suscipit ligula in lacus. Curabitur at ipsum ac tellus semper interdum.', '/lorem/quisque/ut/erat/curabitur/gravida.html', 'approved', 11);
insert into leave_requests (id, teacher_id, schedule_id, reason, document_url, status, approved_by) values (59, 3, 66, 'In eleifend quam a odio. In hac habitasse platea dictumst. Maecenas ut massa quis augue luctus tincidunt. Nulla mollis molestie lorem. Quisque ut erat. Curabitur gravida nisi at nibh. In hac habitasse platea dictumst. Aliquam augue quam, sollicitudin vitae, consectetuer eget, rutrum at, lorem.', '/sapien/varius.jpg', 'rejected', 6);
insert into leave_requests (id, teacher_id, schedule_id, reason, document_url, status, approved_by) values (60, 12, 33, 'Sed accumsan felis. Ut at dolor quis odio consequat varius. Integer ac leo.', '/blandit/ultrices/enim.jpg', 'approved', 12);
insert into leave_requests (id, teacher_id, schedule_id, reason, document_url, status, approved_by) values (61, 20, 100, 'Lorem ipsum dolor sit amet, consectetuer adipiscing elit. Proin risus.', '/turpis/donec/posuere/metus/vitae.xml', 'pending', 18);
insert into leave_requests (id, teacher_id, schedule_id, reason, document_url, status, approved_by) values (62, 1, 58, 'Morbi non lectus. Aliquam sit amet diam in magna bibendum imperdiet.', '/elementum/in/hac/habitasse/platea/dictumst.jpg', 'approved', 6);
insert into leave_requests (id, teacher_id, schedule_id, reason, document_url, status, approved_by) values (63, 13, 32, 'Vestibulum ante ipsum primis in faucibus orci luctus et ultrices posuere cubilia Curae; Nulla dapibus dolor vel est. Donec odio justo, sollicitudin ut, suscipit a, feugiat et, eros. Vestibulum ac est lacinia nisi venenatis tristique. Fusce congue, diam id ornare imperdiet, sapien urna pretium nisl, ut volutpat sapien arcu sed augue. Aliquam erat volutpat.', '/integer.jsp', 'rejected', 12);
insert into leave_requests (id, teacher_id, schedule_id, reason, document_url, status, approved_by) values (64, 4, 97, 'Pellentesque at nulla. Suspendisse potenti. Cras in purus eu magna vulputate luctus. Cum sociis natoque penatibus et magnis dis parturient montes, nascetur ridiculus mus. Vivamus vestibulum sagittis sapien. Cum sociis natoque penatibus et magnis dis parturient montes, nascetur ridiculus mus.', '/ipsum/primis/in/faucibus/orci/luctus/et.aspx', 'approved', 19);
insert into leave_requests (id, teacher_id, schedule_id, reason, document_url, status, approved_by) values (65, 18, 44, 'Aliquam erat volutpat. In congue. Etiam justo. Etiam pretium iaculis justo. In hac habitasse platea dictumst.', '/mus/vivamus/vestibulum/sagittis/sapien.png', 'pending', 13);
insert into leave_requests (id, teacher_id, schedule_id, reason, document_url, status, approved_by) values (66, 3, 58, 'Maecenas tincidunt lacus at velit. Vivamus vel nulla eget eros elementum pellentesque. Quisque porta volutpat erat. Quisque erat eros, viverra eget, congue eget, semper rutrum, nulla. Nunc purus. Phasellus in felis.', '/maecenas/leo.xml', 'approved', 9);
insert into leave_requests (id, teacher_id, schedule_id, reason, document_url, status, approved_by) values (67, 4, 50, 'Suspendisse potenti. Cras in purus eu magna vulputate luctus. Cum sociis natoque penatibus et magnis dis parturient montes, nascetur ridiculus mus. Vivamus vestibulum sagittis sapien.', '/imperdiet/nullam/orci.js', 'pending', 19);
insert into leave_requests (id, teacher_id, schedule_id, reason, document_url, status, approved_by) values (68, 3, 36, 'Vestibulum ante ipsum primis in faucibus orci luctus et ultrices posuere cubilia Curae; Donec pharetra, magna vestibulum aliquet ultrices, erat tortor sollicitudin mi, sit amet lobortis sapien sapien non mi.', '/amet/sapien/dignissim/vestibulum.js', 'pending', 19);
insert into leave_requests (id, teacher_id, schedule_id, reason, document_url, status, approved_by) values (69, 14, 54, 'Fusce lacus purus, aliquet at, feugiat non, pretium quis, lectus. Suspendisse potenti. In eleifend quam a odio.', '/libero/nam/dui/proin/leo/odio/porttitor.xml', 'pending', 3);
insert into leave_requests (id, teacher_id, schedule_id, reason, document_url, status, approved_by) values (70, 13, 33, 'In hac habitasse platea dictumst. Maecenas ut massa quis augue luctus tincidunt.', '/magnis/dis.xml', 'pending', 12);
insert into leave_requests (id, teacher_id, schedule_id, reason, document_url, status, approved_by) values (71, 3, 58, 'Morbi vestibulum, velit id pretium iaculis, diam erat fermentum justo, nec condimentum neque sapien placerat ante. Nulla justo. Aliquam quis turpis eget elit sodales scelerisque. Mauris sit amet eros. Suspendisse accumsan tortor quis turpis. Sed ante. Vivamus tortor.', '/quis/orci/nullam/molestie/nibh/in.html', 'pending', 8);
insert into leave_requests (id, teacher_id, schedule_id, reason, document_url, status, approved_by) values (72, 5, 42, 'Proin at turpis a pede posuere nonummy. Integer non velit. Donec diam neque, vestibulum eget, vulputate ut, ultrices vel, augue. Vestibulum ante ipsum primis in faucibus orci luctus et ultrices posuere cubilia Curae; Donec pharetra, magna vestibulum aliquet ultrices, erat tortor sollicitudin mi, sit amet lobortis sapien sapien non mi. Integer ac neque. Duis bibendum. Morbi non quam nec dui luctus rutrum.', '/montes/nascetur/ridiculus/mus.aspx', 'rejected', 14);
insert into leave_requests (id, teacher_id, schedule_id, reason, document_url, status, approved_by) values (73, 11, 93, 'Nulla ut erat id mauris vulputate elementum. Nullam varius.', '/vestibulum/quam/sapien/varius.png', 'rejected', 3);
insert into leave_requests (id, teacher_id, schedule_id, reason, document_url, status, approved_by) values (74, 3, 46, 'Integer tincidunt ante vel ipsum. Praesent blandit lacinia erat. Vestibulum sed magna at nunc commodo placerat. Praesent blandit. Nam nulla. Integer pede justo, lacinia eget, tincidunt eget, tempus vel, pede.', '/turpis/sed/ante.jpg', 'pending', 18);
insert into leave_requests (id, teacher_id, schedule_id, reason, document_url, status, approved_by) values (75, 11, 39, 'Nullam sit amet turpis elementum ligula vehicula consequat. Morbi a ipsum. Integer a nibh. In quis justo. Maecenas rhoncus aliquam lacus. Morbi quis tortor id nulla ultrices aliquet.', '/est/et/tempus/semper/est.png', 'approved', 14);
insert into leave_requests (id, teacher_id, schedule_id, reason, document_url, status, approved_by) values (76, 6, 39, 'Ut at dolor quis odio consequat varius. Integer ac leo. Pellentesque ultrices mattis odio. Donec vitae nisi. Nam ultrices, libero non mattis pulvinar, nulla pede ullamcorper augue, a suscipit nulla elit ac nulla. Sed vel enim sit amet nunc viverra dapibus. Nulla suscipit ligula in lacus. Curabitur at ipsum ac tellus semper interdum. Mauris ullamcorper purus sit amet nulla.', '/dolor.xml', 'pending', 18);
insert into leave_requests (id, teacher_id, schedule_id, reason, document_url, status, approved_by) values (77, 1, 65, 'Fusce congue, diam id ornare imperdiet, sapien urna pretium nisl, ut volutpat sapien arcu sed augue. Aliquam erat volutpat. In congue. Etiam justo. Etiam pretium iaculis justo. In hac habitasse platea dictumst. Etiam faucibus cursus urna. Ut tellus. Nulla ut erat id mauris vulputate elementum.', '/ante/nulla/justo/aliquam/quis/turpis/eget.js', 'pending', 17);
insert into leave_requests (id, teacher_id, schedule_id, reason, document_url, status, approved_by) values (78, 12, 60, 'In hac habitasse platea dictumst. Etiam faucibus cursus urna. Ut tellus. Nulla ut erat id mauris vulputate elementum. Nullam varius. Nulla facilisi. Cras non velit nec nisi vulputate nonummy. Maecenas tincidunt lacus at velit.', '/maecenas/tincidunt/lacus.xml', 'pending', 5);
insert into leave_requests (id, teacher_id, schedule_id, reason, document_url, status, approved_by) values (79, 8, 32, 'Morbi sem mauris, laoreet ut, rhoncus aliquet, pulvinar sed, nisl. Nunc rhoncus dui vel sem.', '/eget/congue/eget.aspx', 'approved', 4);
insert into leave_requests (id, teacher_id, schedule_id, reason, document_url, status, approved_by) values (80, 6, 61, 'Vivamus vestibulum sagittis sapien. Cum sociis natoque penatibus et magnis dis parturient montes, nascetur ridiculus mus. Etiam vel augue. Vestibulum rutrum rutrum neque.', '/hac/habitasse/platea/dictumst/etiam.png', 'pending', 7);
insert into leave_requests (id, teacher_id, schedule_id, reason, document_url, status, approved_by) values (81, 18, 47, 'Nulla justo.', '/a/feugiat/et.aspx', 'rejected', 6);
insert into leave_requests (id, teacher_id, schedule_id, reason, document_url, status, approved_by) values (82, 19, 100, 'Curabitur convallis. Duis consequat dui nec nisi volutpat eleifend. Donec ut dolor. Morbi vel lectus in quam fringilla rhoncus. Mauris enim leo, rhoncus sed, vestibulum sit amet, cursus id, turpis. Integer aliquet, massa id lobortis convallis, tortor risus dapibus augue, vel accumsan tellus nisi eu orci. Mauris lacinia sapien quis libero. Nullam sit amet turpis elementum ligula vehicula consequat. Morbi a ipsum. Integer a nibh.', '/et/commodo.js', 'pending', 18);
insert into leave_requests (id, teacher_id, schedule_id, reason, document_url, status, approved_by) values (83, 18, 86, 'Curabitur convallis. Duis consequat dui nec nisi volutpat eleifend. Donec ut dolor. Morbi vel lectus in quam fringilla rhoncus. Mauris enim leo, rhoncus sed, vestibulum sit amet, cursus id, turpis. Integer aliquet, massa id lobortis convallis, tortor risus dapibus augue, vel accumsan tellus nisi eu orci. Mauris lacinia sapien quis libero. Nullam sit amet turpis elementum ligula vehicula consequat.', '/rhoncus/aliquam/lacus/morbi/quis.xml', 'pending', 14);
insert into leave_requests (id, teacher_id, schedule_id, reason, document_url, status, approved_by) values (84, 3, 35, 'Donec dapibus. Duis at velit eu est congue elementum. In hac habitasse platea dictumst. Morbi vestibulum, velit id pretium iaculis, diam erat fermentum justo, nec condimentum neque sapien placerat ante. Nulla justo. Aliquam quis turpis eget elit sodales scelerisque. Mauris sit amet eros.', '/pede/malesuada/in/imperdiet/et.html', 'rejected', 17);
insert into leave_requests (id, teacher_id, schedule_id, reason, document_url, status, approved_by) values (85, 1, 92, 'Suspendisse ornare consequat lectus. In est risus, auctor sed, tristique in, tempus sit amet, sem. Fusce consequat. Nulla nisl. Nunc nisl. Duis bibendum, felis sed interdum venenatis, turpis enim blandit mi, in porttitor pede justo eu massa. Donec dapibus.', '/in/faucibus/orci.json', 'approved', 5);
insert into leave_requests (id, teacher_id, schedule_id, reason, document_url, status, approved_by) values (86, 16, 85, 'Integer ac neque. Duis bibendum.', '/purus.json', 'pending', 2);
insert into leave_requests (id, teacher_id, schedule_id, reason, document_url, status, approved_by) values (87, 13, 76, 'Praesent blandit lacinia erat. Vestibulum sed magna at nunc commodo placerat. Praesent blandit.', '/felis/sed.json', 'pending', 11);
insert into leave_requests (id, teacher_id, schedule_id, reason, document_url, status, approved_by) values (88, 16, 87, 'Duis mattis egestas metus. Aenean fermentum. Donec ut mauris eget massa tempor convallis. Nulla neque libero, convallis eget, eleifend luctus, ultricies eu, nibh. Quisque id justo sit amet sapien dignissim vestibulum. Vestibulum ante ipsum primis in faucibus orci luctus et ultrices posuere cubilia Curae; Nulla dapibus dolor vel est. Donec odio justo, sollicitudin ut, suscipit a, feugiat et, eros.', '/lectus/aliquam/sit/amet.jsp', 'pending', 16);
insert into leave_requests (id, teacher_id, schedule_id, reason, document_url, status, approved_by) values (89, 4, 50, 'Morbi a ipsum. Integer a nibh. In quis justo. Maecenas rhoncus aliquam lacus. Morbi quis tortor id nulla ultrices aliquet. Maecenas leo odio, condimentum id, luctus nec, molestie sed, justo. Pellentesque viverra pede ac diam.', '/amet/consectetuer/adipiscing/elit/proin/interdum/mauris.aspx', 'rejected', 5);
insert into leave_requests (id, teacher_id, schedule_id, reason, document_url, status, approved_by) values (90, 13, 57, 'Nulla tellus. In sagittis dui vel nisl. Duis ac nibh. Fusce lacus purus, aliquet at, feugiat non, pretium quis, lectus. Suspendisse potenti. In eleifend quam a odio.', '/curabitur/in/libero/ut.xml', 'pending', 13);
insert into leave_requests (id, teacher_id, schedule_id, reason, document_url, status, approved_by) values (91, 15, 75, 'Pellentesque ultrices mattis odio. Donec vitae nisi. Nam ultrices, libero non mattis pulvinar, nulla pede ullamcorper augue, a suscipit nulla elit ac nulla. Sed vel enim sit amet nunc viverra dapibus. Nulla suscipit ligula in lacus.', '/est/quam/pharetra.png', 'pending', 7);
insert into leave_requests (id, teacher_id, schedule_id, reason, document_url, status, approved_by) values (92, 11, 95, 'Morbi ut odio. Cras mi pede, malesuada in, imperdiet et, commodo vulputate, justo. In blandit ultrices enim. Lorem ipsum dolor sit amet, consectetuer adipiscing elit. Proin interdum mauris non ligula pellentesque ultrices. Phasellus id sapien in sapien iaculis congue. Vivamus metus arcu, adipiscing molestie, hendrerit at, vulputate vitae, nisl. Aenean lectus.', '/sagittis/sapien/cum/sociis/natoque/penatibus/et.aspx', 'pending', 15);
insert into leave_requests (id, teacher_id, schedule_id, reason, document_url, status, approved_by) values (93, 7, 38, 'Sed ante. Vivamus tortor. Duis mattis egestas metus. Aenean fermentum. Donec ut mauris eget massa tempor convallis.', '/risus/praesent/lectus/vestibulum/quam.jsp', 'approved', 5);
insert into leave_requests (id, teacher_id, schedule_id, reason, document_url, status, approved_by) values (94, 2, 53, 'In blandit ultrices enim. Lorem ipsum dolor sit amet, consectetuer adipiscing elit. Proin interdum mauris non ligula pellentesque ultrices. Phasellus id sapien in sapien iaculis congue. Vivamus metus arcu, adipiscing molestie, hendrerit at, vulputate vitae, nisl.', '/leo/rhoncus/sed.png', 'rejected', 2);
insert into leave_requests (id, teacher_id, schedule_id, reason, document_url, status, approved_by) values (95, 7, 45, 'Morbi non lectus. Aliquam sit amet diam in magna bibendum imperdiet. Nullam orci pede, venenatis non, sodales sed, tincidunt eu, felis. Fusce posuere felis sed lacus. Morbi sem mauris, laoreet ut, rhoncus aliquet, pulvinar sed, nisl. Nunc rhoncus dui vel sem. Sed sagittis. Nam congue, risus semper porta volutpat, quam pede lobortis ligula, sit amet eleifend pede libero quis orci. Nullam molestie nibh in lectus.', '/pretium.aspx', 'pending', 10);
insert into leave_requests (id, teacher_id, schedule_id, reason, document_url, status, approved_by) values (96, 17, 32, 'Nulla ut erat id mauris vulputate elementum. Nullam varius. Nulla facilisi. Cras non velit nec nisi vulputate nonummy.', '/aliquam/augue/quam/sollicitudin/vitae/consectetuer.aspx', 'pending', 20);
insert into leave_requests (id, teacher_id, schedule_id, reason, document_url, status, approved_by) values (97, 5, 52, 'Suspendisse potenti. In eleifend quam a odio. In hac habitasse platea dictumst.', '/eleifend/luctus/ultricies.jpg', 'rejected', 2);
insert into leave_requests (id, teacher_id, schedule_id, reason, document_url, status, approved_by) values (98, 12, 50, 'Vestibulum ante ipsum primis in faucibus orci luctus et ultrices posuere cubilia Curae; Duis faucibus accumsan odio. Curabitur convallis. Duis consequat dui nec nisi volutpat eleifend. Donec ut dolor. Morbi vel lectus in quam fringilla rhoncus. Mauris enim leo, rhoncus sed, vestibulum sit amet, cursus id, turpis. Integer aliquet, massa id lobortis convallis, tortor risus dapibus augue, vel accumsan tellus nisi eu orci. Mauris lacinia sapien quis libero. Nullam sit amet turpis elementum ligula vehicula consequat.', '/odio/condimentum/id/luctus/nec/molestie/sed.json', 'pending', 11);
insert into leave_requests (id, teacher_id, schedule_id, reason, document_url, status, approved_by) values (99, 13, 73, 'Suspendisse potenti. Cras in purus eu magna vulputate luctus. Cum sociis natoque penatibus et magnis dis parturient montes, nascetur ridiculus mus. Vivamus vestibulum sagittis sapien.', '/nunc/vestibulum/ante.js', 'approved', 11);
insert into leave_requests (id, teacher_id, schedule_id, reason, document_url, status, approved_by) values (100, 18, 39, 'Maecenas tristique, est et tempus semper, est quam pharetra magna, ac consequat metus sapien ut nunc. Vestibulum ante ipsum primis in faucibus orci luctus et ultrices posuere cubilia Curae; Mauris viverra diam vitae quam. Suspendisse potenti. Nullam porttitor lacus at turpis. Donec posuere metus vitae ipsum. Aliquam non mauris. Morbi non lectus. Aliquam sit amet diam in magna bibendum imperdiet.', '/urna/pretium/nisl.js', 'rejected', 13);

--Bảng makeup_classes
insert into makeup_classes (id, teacher_id, original_schedule_id, new_schedule_id, status) values (1, 18, 68, 28, 'pending');
insert into makeup_classes (id, teacher_id, original_schedule_id, new_schedule_id, status) values (2, 5, 89, 5, 'done');
insert into makeup_classes (id, teacher_id, original_schedule_id, new_schedule_id, status) values (3, 4, 61, 2, 'pending');
insert into makeup_classes (id, teacher_id, original_schedule_id, new_schedule_id, status) values (4, 1, 37, 25, 'done');
insert into makeup_classes (id, teacher_id, original_schedule_id, new_schedule_id, status) values (5, 14, 94, 25, 'pending');
insert into makeup_classes (id, teacher_id, original_schedule_id, new_schedule_id, status) values (6, 5, 83, 22, 'approved');
insert into makeup_classes (id, teacher_id, original_schedule_id, new_schedule_id, status) values (7, 15, 79, 5, 'approved');
insert into makeup_classes (id, teacher_id, original_schedule_id, new_schedule_id, status) values (8, 9, 57, 14, 'pending');
insert into makeup_classes (id, teacher_id, original_schedule_id, new_schedule_id, status) values (9, 15, 85, 25, 'done');
insert into makeup_classes (id, teacher_id, original_schedule_id, new_schedule_id, status) values (10, 6, 31, 7, 'done');
insert into makeup_classes (id, teacher_id, original_schedule_id, new_schedule_id, status) values (11, 8, 69, 7, 'done');
insert into makeup_classes (id, teacher_id, original_schedule_id, new_schedule_id, status) values (12, 1, 47, 16, 'pending');
insert into makeup_classes (id, teacher_id, original_schedule_id, new_schedule_id, status) values (13, 4, 37, 6, 'pending');
insert into makeup_classes (id, teacher_id, original_schedule_id, new_schedule_id, status) values (14, 17, 51, 21, 'done');
insert into makeup_classes (id, teacher_id, original_schedule_id, new_schedule_id, status) values (15, 12, 63, 10, 'done');
insert into makeup_classes (id, teacher_id, original_schedule_id, new_schedule_id, status) values (16, 20, 61, 28, 'done');
insert into makeup_classes (id, teacher_id, original_schedule_id, new_schedule_id, status) values (17, 2, 58, 4, 'done');
insert into makeup_classes (id, teacher_id, original_schedule_id, new_schedule_id, status) values (18, 1, 36, 7, 'approved');
insert into makeup_classes (id, teacher_id, original_schedule_id, new_schedule_id, status) values (19, 3, 85, 11, 'approved');
insert into makeup_classes (id, teacher_id, original_schedule_id, new_schedule_id, status) values (20, 7, 91, 30, 'done');
insert into makeup_classes (id, teacher_id, original_schedule_id, new_schedule_id, status) values (21, 12, 50, 2, 'approved');
insert into makeup_classes (id, teacher_id, original_schedule_id, new_schedule_id, status) values (22, 20, 57, 16, 'approved');
insert into makeup_classes (id, teacher_id, original_schedule_id, new_schedule_id, status) values (23, 19, 71, 20, 'done');
insert into makeup_classes (id, teacher_id, original_schedule_id, new_schedule_id, status) values (24, 16, 81, 26, 'approved');
insert into makeup_classes (id, teacher_id, original_schedule_id, new_schedule_id, status) values (25, 6, 87, 10, 'approved');
insert into makeup_classes (id, teacher_id, original_schedule_id, new_schedule_id, status) values (26, 8, 65, 30, 'approved');
insert into makeup_classes (id, teacher_id, original_schedule_id, new_schedule_id, status) values (27, 15, 86, 14, 'pending');
insert into makeup_classes (id, teacher_id, original_schedule_id, new_schedule_id, status) values (28, 17, 85, 2, 'pending');
insert into makeup_classes (id, teacher_id, original_schedule_id, new_schedule_id, status) values (29, 6, 38, 26, 'done');
insert into makeup_classes (id, teacher_id, original_schedule_id, new_schedule_id, status) values (30, 1, 41, 22, 'pending');
insert into makeup_classes (id, teacher_id, original_schedule_id, new_schedule_id, status) values (31, 8, 62, 1, 'approved');
insert into makeup_classes (id, teacher_id, original_schedule_id, new_schedule_id, status) values (32, 17, 98, 11, 'done');
insert into makeup_classes (id, teacher_id, original_schedule_id, new_schedule_id, status) values (33, 17, 45, 29, 'done');
insert into makeup_classes (id, teacher_id, original_schedule_id, new_schedule_id, status) values (34, 17, 80, 17, 'pending');
insert into makeup_classes (id, teacher_id, original_schedule_id, new_schedule_id, status) values (35, 3, 76, 3, 'pending');
insert into makeup_classes (id, teacher_id, original_schedule_id, new_schedule_id, status) values (36, 14, 48, 24, 'done');
insert into makeup_classes (id, teacher_id, original_schedule_id, new_schedule_id, status) values (37, 18, 69, 17, 'done');
insert into makeup_classes (id, teacher_id, original_schedule_id, new_schedule_id, status) values (38, 7, 96, 14, 'pending');
insert into makeup_classes (id, teacher_id, original_schedule_id, new_schedule_id, status) values (39, 8, 78, 28, 'approved');
insert into makeup_classes (id, teacher_id, original_schedule_id, new_schedule_id, status) values (40, 3, 53, 3, 'pending');
insert into makeup_classes (id, teacher_id, original_schedule_id, new_schedule_id, status) values (41, 14, 65, 7, 'approved');
insert into makeup_classes (id, teacher_id, original_schedule_id, new_schedule_id, status) values (42, 17, 99, 8, 'approved');
insert into makeup_classes (id, teacher_id, original_schedule_id, new_schedule_id, status) values (43, 1, 77, 22, 'approved');
insert into makeup_classes (id, teacher_id, original_schedule_id, new_schedule_id, status) values (44, 1, 63, 16, 'pending');
insert into makeup_classes (id, teacher_id, original_schedule_id, new_schedule_id, status) values (45, 4, 91, 21, 'pending');
insert into makeup_classes (id, teacher_id, original_schedule_id, new_schedule_id, status) values (46, 3, 90, 25, 'approved');
insert into makeup_classes (id, teacher_id, original_schedule_id, new_schedule_id, status) values (47, 8, 35, 23, 'approved');
insert into makeup_classes (id, teacher_id, original_schedule_id, new_schedule_id, status) values (48, 17, 70, 19, 'approved');
insert into makeup_classes (id, teacher_id, original_schedule_id, new_schedule_id, status) values (49, 13, 33, 11, 'done');
insert into makeup_classes (id, teacher_id, original_schedule_id, new_schedule_id, status) values (50, 9, 39, 15, 'done');
insert into makeup_classes (id, teacher_id, original_schedule_id, new_schedule_id, status) values (51, 9, 65, 21, 'done');
insert into makeup_classes (id, teacher_id, original_schedule_id, new_schedule_id, status) values (52, 4, 82, 10, 'pending');
insert into makeup_classes (id, teacher_id, original_schedule_id, new_schedule_id, status) values (53, 4, 75, 15, 'done');
insert into makeup_classes (id, teacher_id, original_schedule_id, new_schedule_id, status) values (54, 14, 90, 22, 'pending');
insert into makeup_classes (id, teacher_id, original_schedule_id, new_schedule_id, status) values (55, 14, 63, 9, 'done');
insert into makeup_classes (id, teacher_id, original_schedule_id, new_schedule_id, status) values (56, 5, 58, 12, 'approved');
insert into makeup_classes (id, teacher_id, original_schedule_id, new_schedule_id, status) values (57, 6, 71, 13, 'done');
insert into makeup_classes (id, teacher_id, original_schedule_id, new_schedule_id, status) values (58, 19, 44, 12, 'pending');
insert into makeup_classes (id, teacher_id, original_schedule_id, new_schedule_id, status) values (59, 5, 46, 14, 'done');
insert into makeup_classes (id, teacher_id, original_schedule_id, new_schedule_id, status) values (60, 12, 51, 5, 'done');
insert into makeup_classes (id, teacher_id, original_schedule_id, new_schedule_id, status) values (61, 7, 96, 9, 'approved');
insert into makeup_classes (id, teacher_id, original_schedule_id, new_schedule_id, status) values (62, 14, 64, 10, 'pending');
insert into makeup_classes (id, teacher_id, original_schedule_id, new_schedule_id, status) values (63, 11, 97, 4, 'pending');
insert into makeup_classes (id, teacher_id, original_schedule_id, new_schedule_id, status) values (64, 14, 39, 25, 'pending');
insert into makeup_classes (id, teacher_id, original_schedule_id, new_schedule_id, status) values (65, 19, 96, 23, 'done');
insert into makeup_classes (id, teacher_id, original_schedule_id, new_schedule_id, status) values (66, 8, 73, 2, 'done');
insert into makeup_classes (id, teacher_id, original_schedule_id, new_schedule_id, status) values (67, 11, 79, 30, 'done');
insert into makeup_classes (id, teacher_id, original_schedule_id, new_schedule_id, status) values (68, 2, 55, 3, 'pending');
insert into makeup_classes (id, teacher_id, original_schedule_id, new_schedule_id, status) values (69, 2, 62, 30, 'done');
insert into makeup_classes (id, teacher_id, original_schedule_id, new_schedule_id, status) values (70, 1, 32, 3, 'pending');
insert into makeup_classes (id, teacher_id, original_schedule_id, new_schedule_id, status) values (71, 7, 86, 19, 'done');
insert into makeup_classes (id, teacher_id, original_schedule_id, new_schedule_id, status) values (72, 14, 97, 26, 'approved');
insert into makeup_classes (id, teacher_id, original_schedule_id, new_schedule_id, status) values (73, 8, 54, 2, 'approved');
insert into makeup_classes (id, teacher_id, original_schedule_id, new_schedule_id, status) values (74, 18, 90, 29, 'approved');
insert into makeup_classes (id, teacher_id, original_schedule_id, new_schedule_id, status) values (75, 11, 73, 3, 'pending');
insert into makeup_classes (id, teacher_id, original_schedule_id, new_schedule_id, status) values (76, 7, 92, 15, 'done');
insert into makeup_classes (id, teacher_id, original_schedule_id, new_schedule_id, status) values (77, 16, 63, 5, 'approved');
insert into makeup_classes (id, teacher_id, original_schedule_id, new_schedule_id, status) values (78, 9, 90, 21, 'approved');
insert into makeup_classes (id, teacher_id, original_schedule_id, new_schedule_id, status) values (79, 12, 49, 15, 'pending');
insert into makeup_classes (id, teacher_id, original_schedule_id, new_schedule_id, status) values (80, 3, 80, 17, 'done');
insert into makeup_classes (id, teacher_id, original_schedule_id, new_schedule_id, status) values (81, 5, 83, 4, 'pending');
insert into makeup_classes (id, teacher_id, original_schedule_id, new_schedule_id, status) values (82, 11, 40, 16, 'approved');
insert into makeup_classes (id, teacher_id, original_schedule_id, new_schedule_id, status) values (83, 10, 87, 21, 'approved');
insert into makeup_classes (id, teacher_id, original_schedule_id, new_schedule_id, status) values (84, 19, 57, 28, 'pending');
insert into makeup_classes (id, teacher_id, original_schedule_id, new_schedule_id, status) values (85, 8, 81, 27, 'pending');
insert into makeup_classes (id, teacher_id, original_schedule_id, new_schedule_id, status) values (86, 6, 83, 30, 'pending');
insert into makeup_classes (id, teacher_id, original_schedule_id, new_schedule_id, status) values (87, 19, 63, 26, 'done');
insert into makeup_classes (id, teacher_id, original_schedule_id, new_schedule_id, status) values (88, 11, 73, 1, 'approved');
insert into makeup_classes (id, teacher_id, original_schedule_id, new_schedule_id, status) values (89, 10, 81, 13, 'done');
insert into makeup_classes (id, teacher_id, original_schedule_id, new_schedule_id, status) values (90, 2, 56, 6, 'approved');
insert into makeup_classes (id, teacher_id, original_schedule_id, new_schedule_id, status) values (91, 1, 86, 10, 'approved');
insert into makeup_classes (id, teacher_id, original_schedule_id, new_schedule_id, status) values (92, 3, 95, 10, 'pending');
insert into makeup_classes (id, teacher_id, original_schedule_id, new_schedule_id, status) values (93, 7, 100, 4, 'done');
insert into makeup_classes (id, teacher_id, original_schedule_id, new_schedule_id, status) values (94, 20, 83, 18, 'pending');
insert into makeup_classes (id, teacher_id, original_schedule_id, new_schedule_id, status) values (95, 4, 62, 10, 'done');
insert into makeup_classes (id, teacher_id, original_schedule_id, new_schedule_id, status) values (96, 12, 96, 23, 'approved');
insert into makeup_classes (id, teacher_id, original_schedule_id, new_schedule_id, status) values (97, 10, 66, 15, 'done');
insert into makeup_classes (id, teacher_id, original_schedule_id, new_schedule_id, status) values (98, 8, 48, 24, 'pending');
insert into makeup_classes (id, teacher_id, original_schedule_id, new_schedule_id, status) values (99, 19, 42, 20, 'done');
insert into makeup_classes (id, teacher_id, original_schedule_id, new_schedule_id, status) values (100, 4, 73, 28, 'pending');



-- Tạo 1 môn học (Giả sử ID=1)
INSERT INTO `courses` (id, name, code, credits) 
VALUES (101, 'Phát triển ứng dụng di động', 'CSE441', 3);

-- Tạo 2 lớp học (Giả sử ID=1 và ID=2)
INSERT INTO `classes` (id, name, semester, academic_year) 
VALUES (101, 'Lớp 65CNTT-1', 'HK1', '2025-2026');
INSERT INTO `classes` (id, name, semester, academic_year) 
VALUES (102, 'Lớp 65CNTT-2', 'HK1', '2025-2026');

-- Tạo 2 phòng học (Giả sử ID=1 và ID=2)
INSERT INTO `rooms` (id, name, capacity, location) VALUES
(101, 'Phòng 101-B5', 60, 6),
(102, 'Phòng 202-B5', 60, 2)

-- Phân công 1: User 35 dạy Môn 1 cho Lớp 1 (Giả sử ID phân công = 1)
INSERT INTO `class_course_assignments` (id, class_id, course_id, teacher_id) 
VALUES (101, 1, 1, 35);

-- Phân công 2: User 35 dạy Môn 1 cho Lớp 2 (Giả sử ID phân công = 2)
INSERT INTO `class_course_assignments` (id, class_id, course_id, teacher_id) 
VALUES (102, 2, 1, 35);


-- --------------------------------------------------------
-- BƯỚC 3: TẠO LỊCH DẠY HÔM NAY (21/10/2025)
-- (Đây là dữ liệu chính mà ứng dụng sẽ gọi)
-- --------------------------------------------------------

-- Lịch dạy 1 (Sáng): Dùng Phân công 1, tại Phòng 1
INSERT INTO `schedules` (class_course_assignment_id, room_id, `date`, `session`, `status`) 
VALUES (
    101, -- ID của Phân công 1 (User 35 + Lớp 1)
    101, -- ID của Phòng 1 (P.201)
    '2025-10-21', -- Ngày hôm nay
    'Tiết 1-3 (7:00 - 9:40)', -- Ca/Tiết học
    'scheduled' -- Trạng thái
);

-- Lịch dạy 2 (Chiều): Dùng Phân công 2, tại Phòng 2
INSERT INTO `schedules` (class_course_assignment_id, room_id, `date`, `session`, `status`) 
VALUES (
    102, -- ID của Phân công 2 (User 35 + Lớp 2)
    102, -- ID của Phòng 2 (P.303)
    '2025-10-21', -- Ngày hôm nay
    'Tiết 7-9 (13:30 - 16:10)', -- Ca/Tiết học
    'scheduled' -- Trạng thái
);