--Bảng users
insert into users (id, name, first_name, last_name, email, email_verified_at, password, phone_number, avatar_url, gender, date_of_birth, role, status) values (1, 'Cass Agass', 'Cass', 'Agass', 'cagass0@blogs.com', '2024-07-22', '$2y$12$G.5JboCSzcMt2iotNDynLO2y0B5RXq1LMmy6a8QUsQ.8klCeS20nS', '+232 556 918 8710', 'http://dummyimage.com/250x100.png/cc0000/ffffff', 'other', '2000-03-25', 'student', 'active');
insert into users (id, name, first_name, last_name, email, email_verified_at, password, phone_number, avatar_url, gender, date_of_birth, role, status) values (2, 'Zitella Harroll', 'Zitella', 'Harroll', 'zharroll1@aol.com', '2023-01-10', '$2y$12$dt0zRr.qFw7yOMMKp.2Dxev.rU8UVvr2wLWtvdeON7ywrhZ4D6Y7a', '+689 920 117 0987', 'http://dummyimage.com/117x242.png/ff4444/ffffff', 'male', '1987-11-27', 'student', 'banned');
insert into users (id, name, first_name, last_name, email, email_verified_at, password, phone_number, avatar_url, gender, date_of_birth, role, status) values (3, 'Arlen Konert', 'Arlen', 'Konert', 'akonert2@cafepress.com', '2024-06-21', '$2y$12$dt0zRr.qFw7yOMMKp.2Dxev.rU8UVvr2wLWtvdeON7ywrhZ4D6Y7a', '+62 384 419 9733', 'http://dummyimage.com/250x148.png/cc0000/ffffff', 'male', '1988-10-10', 'head_of_department', 'active');
insert into users (id, name, first_name, last_name, email, email_verified_at, password, phone_number, avatar_url, gender, date_of_birth, role, status) values (4, 'Mira O''Sesnane', 'Mira', 'O''Sesnane', 'mosesnane3@dropbox.com', '2025-05-16', '$2y$12$dt0zRr.qFw7yOMMKp.2Dxev.rU8UVvr2wLWtvdeON7ywrhZ4D6Y7a', '+86 726 954 2488', 'http://dummyimage.com/186x199.png/ff4444/ffffff', 'male', '1994-09-13', 'teacher', 'banned');
insert into users (id, name, first_name, last_name, email, email_verified_at, password, phone_number, avatar_url, gender, date_of_birth, role, status) values (5, 'Zita Kirton', 'Zita', 'Kirton', 'zkirton4@so-net.ne.jp', '2022-09-25', '$2y$12$sKBMthjkygnEqfvEuJ/ATuwE5mTxqDhUGyemkI1hC7PB0M7QWUrLK', '+62 673 342 7614', 'http://dummyimage.com/172x102.png/dddddd/000000', 'male', '2006-12-15', 'training_office', 'banned');
insert into users (id, name, first_name, last_name, email, email_verified_at, password, phone_number, avatar_url, gender, date_of_birth, role, status) values (6, 'Valma Lockless', 'Valma', 'Lockless', 'vlockless5@reuters.com', '2023-03-11', '$2y$12$G.5JboCSzcMt2iotNDynLO2y0B5RXq1LMmy6a8QUsQ.8klCeS20nS', '+357 975 478 9557', 'http://dummyimage.com/158x179.png/5fa2dd/ffffff', 'male', '1987-05-14', 'training_office', 'banned');
insert into users (id, name, first_name, last_name, email, email_verified_at, password, phone_number, avatar_url, gender, date_of_birth, role, status) values (7, 'Abel Tommasi', 'Abel', 'Tommasi', 'atommasi6@cloudflare.com', '2022-01-29', '$2y$12$dt0zRr.qFw7yOMMKp.2Dxev.rU8UVvr2wLWtvdeON7ywrhZ4D6Y7a', '+62 835 900 6763', 'http://dummyimage.com/134x104.png/ff4444/ffffff', 'female', '1982-10-24', 'student', 'inactive');
insert into users (id, name, first_name, last_name, email, email_verified_at, password, phone_number, avatar_url, gender, date_of_birth, role, status) values (8, 'Scarlett Pogg', 'Scarlett', 'Pogg', 'spogg7@unicef.org', '2023-07-13', '$2y$12$dt0zRr.qFw7yOMMKp.2Dxev.rU8UVvr2wLWtvdeON7ywrhZ4D6Y7a', '+86 222 361 9999', 'http://dummyimage.com/137x234.png/ff4444/ffffff', 'other', '2004-10-10', 'student', 'inactive');
insert into users (id, name, first_name, last_name, email, email_verified_at, password, phone_number, avatar_url, gender, date_of_birth, role, status) values (9, 'Sara Bailiss', 'Sara', 'Bailiss', 'sbailiss8@hugedomains.com', '2023-12-20', '$2y$12$dt0zRr.qFw7yOMMKp.2Dxev.rU8UVvr2wLWtvdeON7ywrhZ4D6Y7a', '+86 450 825 0466', 'http://dummyimage.com/218x206.png/cc0000/ffffff', 'male', '1989-06-02', 'head_of_department', 'inactive');
insert into users (id, name, first_name, last_name, email, email_verified_at, password, phone_number, avatar_url, gender, date_of_birth, role, status) values (10, 'Janis Winspare', 'Janis', 'Winspare', 'jwinspare9@goo.ne.jp', '2022-02-17', '$2y$12$sKBMthjkygnEqfvEuJ/ATuwE5mTxqDhUGyemkI1hC7PB0M7QWUrLK', '+62 391 873 4141', 'http://dummyimage.com/203x249.png/ff4444/ffffff', 'female', '1974-07-10', 'training_office', 'banned');
insert into users (id, name, first_name, last_name, email, email_verified_at, password, phone_number, avatar_url, gender, date_of_birth, role, status) values (11, 'Randie Lafferty', 'Randie', 'Lafferty', 'rlaffertya@yolasite.com', '2025-02-15', '$2y$12$dt0zRr.qFw7yOMMKp.2Dxev.rU8UVvr2wLWtvdeON7ywrhZ4D6Y7a', '+976 428 347 0613', 'http://dummyimage.com/190x183.png/dddddd/000000', 'other', '1971-10-15', 'training_office', 'inactive');
insert into users (id, name, first_name, last_name, email, email_verified_at, password, phone_number, avatar_url, gender, date_of_birth, role, status) values (12, 'Allys Michel', 'Allys', 'Michel', 'amichelb@rambler.ru', '2025-10-14', '$2y$12$sKBMthjkygnEqfvEuJ/ATuwE5mTxqDhUGyemkI1hC7PB0M7QWUrLK', '+970 228 755 8018', 'http://dummyimage.com/156x169.png/ff4444/ffffff', 'female', '2005-10-05', 'training_office', 'active');
insert into users (id, name, first_name, last_name, email, email_verified_at, password, phone_number, avatar_url, gender, date_of_birth, role, status) values (13, 'Meggi Silbermann', 'Meggi', 'Silbermann', 'msilbermannc@walmart.com', '2022-12-05', '$2y$12$sKBMthjkygnEqfvEuJ/ATuwE5mTxqDhUGyemkI1hC7PB0M7QWUrLK', '+33 373 328 2711', 'http://dummyimage.com/169x207.png/ff4444/ffffff', 'male', '1971-02-27', 'training_office', 'banned');
insert into users (id, name, first_name, last_name, email, email_verified_at, password, phone_number, avatar_url, gender, date_of_birth, role, status) values (14, 'Carol-jean Pascoe', 'Carol-jean', 'Pascoe', 'cpascoed@artisteer.com', '2024-03-17', '$2y$12$dt0zRr.qFw7yOMMKp.2Dxev.rU8UVvr2wLWtvdeON7ywrhZ4D6Y7a', '+375 321 202 7448', 'http://dummyimage.com/180x228.png/cc0000/ffffff', 'other', '1970-10-13', 'student', 'banned');
insert into users (id, name, first_name, last_name, email, email_verified_at, password, phone_number, avatar_url, gender, date_of_birth, role, status) values (15, 'Kiri Darwood', 'Kiri', 'Darwood', 'kdarwoode@mac.com', '2023-02-27', '$2y$12$G.5JboCSzcMt2iotNDynLO2y0B5RXq1LMmy6a8QUsQ.8klCeS20nS', '+48 471 514 7971', 'http://dummyimage.com/205x223.png/5fa2dd/ffffff', 'other', '1995-04-05', 'training_office', 'inactive');
insert into users (id, name, first_name, last_name, email, email_verified_at, password, phone_number, avatar_url, gender, date_of_birth, role, status) values (16, 'Eli Dabels', 'Eli', 'Dabels', 'edabelsf@phpbb.com', '2024-11-01', '$2y$12$dt0zRr.qFw7yOMMKp.2Dxev.rU8UVvr2wLWtvdeON7ywrhZ4D6Y7a', '+1 414 632 9891', 'http://dummyimage.com/104x249.png/5fa2dd/ffffff', 'other', '2001-03-07', 'teacher', 'inactive');
insert into users (id, name, first_name, last_name, email, email_verified_at, password, phone_number, avatar_url, gender, date_of_birth, role, status) values (17, 'Trefor Marien', 'Trefor', 'Marien', 'tmarieng@answers.com', '2022-08-09', '$2y$12$sKBMthjkygnEqfvEuJ/ATuwE5mTxqDhUGyemkI1hC7PB0M7QWUrLK', '+33 771 538 2480', 'http://dummyimage.com/150x205.png/cc0000/ffffff', 'female', '1987-11-16', 'teacher', 'banned');
insert into users (id, name, first_name, last_name, email, email_verified_at, password, phone_number, avatar_url, gender, date_of_birth, role, status) values (18, 'Claribel Woodworth', 'Claribel', 'Woodworth', 'cwoodworthh@mapquest.com', '2025-06-01', '$2y$12$sKBMthjkygnEqfvEuJ/ATuwE5mTxqDhUGyemkI1hC7PB0M7QWUrLK', '+963 703 603 7096', 'http://dummyimage.com/148x188.png/5fa2dd/ffffff', 'female', '1998-10-16', 'student', 'inactive');
insert into users (id, name, first_name, last_name, email, email_verified_at, password, phone_number, avatar_url, gender, date_of_birth, role, status) values (19, 'Darbee Geratasch', 'Darbee', 'Geratasch', 'dgerataschi@meetup.com', '2023-10-17', '$2y$12$sKBMthjkygnEqfvEuJ/ATuwE5mTxqDhUGyemkI1hC7PB0M7QWUrLK', '+420 407 734 0657', 'http://dummyimage.com/216x153.png/ff4444/ffffff', 'other', '2008-04-03', 'student', 'active');
insert into users (id, name, first_name, last_name, email, email_verified_at, password, phone_number, avatar_url, gender, date_of_birth, role, status) values (20, 'Heidie Fricke', 'Heidie', 'Fricke', 'hfrickej@alibaba.com', '2023-09-14', '$2y$12$dt0zRr.qFw7yOMMKp.2Dxev.rU8UVvr2wLWtvdeON7ywrhZ4D6Y7a', '+66 796 528 3775', 'http://dummyimage.com/222x191.png/ff4444/ffffff', 'male', '1981-07-23', 'teacher', 'inactive');
insert into users (id, name, first_name, last_name, email, email_verified_at, password, phone_number, avatar_url, gender, date_of_birth, role, status) values (21, 'Anthiathia Schubuser', 'Anthiathia', 'Schubuser', 'aschubuserk@istockphoto.com', '2022-07-12', '$2y$12$sKBMthjkygnEqfvEuJ/ATuwE5mTxqDhUGyemkI1hC7PB0M7QWUrLK', '+856 254 131 6406', 'http://dummyimage.com/170x116.png/cc0000/ffffff', 'female', '2003-02-17', 'student', 'inactive');
insert into users (id, name, first_name, last_name, email, email_verified_at, password, phone_number, avatar_url, gender, date_of_birth, role, status) values (22, 'Merrel Cridge', 'Merrel', 'Cridge', 'mcridgel@cargocollective.com', '2025-07-09', '$2y$12$sKBMthjkygnEqfvEuJ/ATuwE5mTxqDhUGyemkI1hC7PB0M7QWUrLK', '+62 492 486 1496', 'http://dummyimage.com/161x155.png/ff4444/ffffff', 'female', '2004-08-30', 'head_of_department', 'active');
insert into users (id, name, first_name, last_name, email, email_verified_at, password, phone_number, avatar_url, gender, date_of_birth, role, status) values (23, 'Freda Joblin', 'Freda', 'Joblin', 'fjoblinm@gov.uk', '2023-10-23', '$2y$12$sKBMthjkygnEqfvEuJ/ATuwE5mTxqDhUGyemkI1hC7PB0M7QWUrLK', '+62 200 650 5128', 'http://dummyimage.com/133x188.png/dddddd/000000', 'other', '1976-06-01', 'training_office', 'active');
insert into users (id, name, first_name, last_name, email, email_verified_at, password, phone_number, avatar_url, gender, date_of_birth, role, status) values (24, 'Portie Dragonette', 'Portie', 'Dragonette', 'pdragonetten@shinystat.com', '2022-04-23', '$2y$12$sKBMthjkygnEqfvEuJ/ATuwE5mTxqDhUGyemkI1hC7PB0M7QWUrLK', '+1 203 972 0989', 'http://dummyimage.com/239x247.png/5fa2dd/ffffff', 'other', '1980-10-29', 'student', 'inactive');
insert into users (id, name, first_name, last_name, email, email_verified_at, password, phone_number, avatar_url, gender, date_of_birth, role, status) values (25, 'Melisenda Rennebeck', 'Melisenda', 'Rennebeck', 'mrennebecko@cisco.com', '2023-03-30', '$2y$12$sKBMthjkygnEqfvEuJ/ATuwE5mTxqDhUGyemkI1hC7PB0M7QWUrLK', '+7 813 239 8821', 'http://dummyimage.com/167x203.png/cc0000/ffffff', 'female', '1996-03-02', 'training_office', 'active');
insert into users (id, name, first_name, last_name, email, email_verified_at, password, phone_number, avatar_url, gender, date_of_birth, role, status) values (26, 'Alano Worsnip', 'Alano', 'Worsnip', 'aworsnipp@wufoo.com', '2024-11-08', '$2y$12$dt0zRr.qFw7yOMMKp.2Dxev.rU8UVvr2wLWtvdeON7ywrhZ4D6Y7a', '+44 974 409 2857', 'http://dummyimage.com/128x109.png/cc0000/ffffff', 'male', '1977-10-29', 'student', 'inactive');
insert into users (id, name, first_name, last_name, email, email_verified_at, password, phone_number, avatar_url, gender, date_of_birth, role, status) values (27, 'Delinda Cartman', 'Delinda', 'Cartman', 'dcartmanq@npr.org', '2025-04-10', '$2y$12$sKBMthjkygnEqfvEuJ/ATuwE5mTxqDhUGyemkI1hC7PB0M7QWUrLK', '+52 959 358 8034', 'http://dummyimage.com/228x139.png/5fa2dd/ffffff', 'female', '2005-06-29', 'teacher', 'inactive');
insert into users (id, name, first_name, last_name, email, email_verified_at, password, phone_number, avatar_url, gender, date_of_birth, role, status) values (28, 'Saleem Mougin', 'Saleem', 'Mougin', 'smouginr@e-recht24.de', '2022-09-03', '$2y$12$G.5JboCSzcMt2iotNDynLO2y0B5RXq1LMmy6a8QUsQ.8klCeS20nS', '+52 956 438 1922', 'http://dummyimage.com/123x200.png/cc0000/ffffff', 'female', '1986-01-11', 'teacher', 'inactive');
insert into users (id, name, first_name, last_name, email, email_verified_at, password, phone_number, avatar_url, gender, date_of_birth, role, status) values (29, 'Tamqrah MacShirie', 'Tamqrah', 'MacShirie', 'tmacshiries@bloglines.com', '2024-12-17', '$2y$12$G.5JboCSzcMt2iotNDynLO2y0B5RXq1LMmy6a8QUsQ.8klCeS20nS', '+63 417 456 3876', 'http://dummyimage.com/211x177.png/dddddd/000000', 'female', '1979-01-08', 'student', 'active');
insert into users (id, name, first_name, last_name, email, email_verified_at, password, phone_number, avatar_url, gender, date_of_birth, role, status) values (30, 'Ker McCulloch', 'Ker', 'McCulloch', 'kmccullocht@is.gd', '2024-09-03', '$2y$12$G.5JboCSzcMt2iotNDynLO2y0B5RXq1LMmy6a8QUsQ.8klCeS20nS', '+351 741 187 8383', 'http://dummyimage.com/137x182.png/5fa2dd/ffffff', 'female', '2002-07-18', 'training_office', 'active');
insert into users (id, name, first_name, last_name, email, email_verified_at, password, phone_number, avatar_url, gender, date_of_birth, role, status) values (31, 'Eolanda Jiroutka', 'Eolanda', 'Jiroutka', 'ejiroutkau@google.es', '2025-07-03', '$2y$12$G.5JboCSzcMt2iotNDynLO2y0B5RXq1LMmy6a8QUsQ.8klCeS20nS', '+62 918 641 8515', 'http://dummyimage.com/194x244.png/ff4444/ffffff', 'other', '1995-09-11', 'head_of_department', 'active');
insert into users (id, name, first_name, last_name, email, email_verified_at, password, phone_number, avatar_url, gender, date_of_birth, role, status) values (32, 'Codee Hallawell', 'Codee', 'Hallawell', 'challawellv@yale.edu', '2024-08-15', '$2y$12$dt0zRr.qFw7yOMMKp.2Dxev.rU8UVvr2wLWtvdeON7ywrhZ4D6Y7a', '+374 918 321 5611', 'http://dummyimage.com/180x123.png/cc0000/ffffff', 'male', '1970-07-22', 'head_of_department', 'active');
insert into users (id, name, first_name, last_name, email, email_verified_at, password, phone_number, avatar_url, gender, date_of_birth, role, status) values (33, 'Milly Gulliver', 'Milly', 'Gulliver', 'mgulliverw@state.gov', '2024-11-28', '$2y$12$dt0zRr.qFw7yOMMKp.2Dxev.rU8UVvr2wLWtvdeON7ywrhZ4D6Y7a', '+7 949 361 3509', 'http://dummyimage.com/229x208.png/dddddd/000000', 'male', '2001-08-04', 'student', 'banned');
insert into users (id, name, first_name, last_name, email, email_verified_at, password, phone_number, avatar_url, gender, date_of_birth, role, status) values (34, 'Sadye Drysdell', 'Sadye', 'Drysdell', 'sdrysdellx@netlog.com', '2024-08-28', '$2y$12$G.5JboCSzcMt2iotNDynLO2y0B5RXq1LMmy6a8QUsQ.8klCeS20nS', '+254 541 681 4192', 'http://dummyimage.com/136x224.png/cc0000/ffffff', 'male', '1987-05-16', 'student', 'banned');
insert into users (id, name, first_name, last_name, email, email_verified_at, password, phone_number, avatar_url, gender, date_of_birth, role, status) values (35, 'Aubrette Gelsthorpe', 'Aubrette', 'Gelsthorpe', 'agelsthorpey@liveinternet.ru', '2023-11-13', '$2y$12$sKBMthjkygnEqfvEuJ/ATuwE5mTxqDhUGyemkI1hC7PB0M7QWUrLK', '+86 649 374 4255', 'http://dummyimage.com/188x141.png/ff4444/ffffff', 'other', '2010-12-29', 'teacher', 'active');
insert into users (id, name, first_name, last_name, email, email_verified_at, password, phone_number, avatar_url, gender, date_of_birth, role, status) values (36, 'Bridgette Bronot', 'Bridgette', 'Bronot', 'bbronotz@google.com', '2025-06-17', '$2y$12$G.5JboCSzcMt2iotNDynLO2y0B5RXq1LMmy6a8QUsQ.8klCeS20nS', '+1 548 221 9674', 'http://dummyimage.com/170x176.png/ff4444/ffffff', 'female', '1970-04-29', 'head_of_department', 'active');
insert into users (id, name, first_name, last_name, email, email_verified_at, password, phone_number, avatar_url, gender, date_of_birth, role, status) values (37, 'Pepillo Fennelly', 'Pepillo', 'Fennelly', 'pfennelly10@biglobe.ne.jp', '2024-10-09', '$2y$12$sKBMthjkygnEqfvEuJ/ATuwE5mTxqDhUGyemkI1hC7PB0M7QWUrLK', '+976 254 616 6228', 'http://dummyimage.com/150x100.png/dddddd/000000', 'male', '1992-02-23', 'student', 'inactive');
insert into users (id, name, first_name, last_name, email, email_verified_at, password, phone_number, avatar_url, gender, date_of_birth, role, status) values (38, 'Lynnelle Steeples', 'Lynnelle', 'Steeples', 'lsteeples11@nps.gov', '2022-10-23', '$2y$12$G.5JboCSzcMt2iotNDynLO2y0B5RXq1LMmy6a8QUsQ.8klCeS20nS', '+358 569 953 4456', 'http://dummyimage.com/147x240.png/ff4444/ffffff', 'male', '2001-04-06', 'training_office', 'banned');
insert into users (id, name, first_name, last_name, email, email_verified_at, password, phone_number, avatar_url, gender, date_of_birth, role, status) values (39, 'Tabor Spenley', 'Tabor', 'Spenley', 'tspenley12@wunderground.com', '2023-09-20', '$2y$12$G.5JboCSzcMt2iotNDynLO2y0B5RXq1LMmy6a8QUsQ.8klCeS20nS', '+63 990 845 0114', 'http://dummyimage.com/224x223.png/cc0000/ffffff', 'other', '1975-02-27', 'student', 'banned');
insert into users (id, name, first_name, last_name, email, email_verified_at, password, phone_number, avatar_url, gender, date_of_birth, role, status) values (40, 'Dareen Francais', 'Dareen', 'Francais', 'dfrancais13@blogspot.com', '2022-11-05', '$2y$12$G.5JboCSzcMt2iotNDynLO2y0B5RXq1LMmy6a8QUsQ.8klCeS20nS', '+7 696 947 4925', 'http://dummyimage.com/197x154.png/5fa2dd/ffffff', 'male', '1972-02-27', 'student', 'inactive');
insert into users (id, name, first_name, last_name, email, email_verified_at, password, phone_number, avatar_url, gender, date_of_birth, role, status) values (41, 'Bekki Charville', 'Bekki', 'Charville', 'bcharville14@prnewswire.com', '2025-07-18', '$2y$12$sKBMthjkygnEqfvEuJ/ATuwE5mTxqDhUGyemkI1hC7PB0M7QWUrLK', '+223 895 829 8726', 'http://dummyimage.com/151x174.png/ff4444/ffffff', 'other', '1990-02-25', 'teacher', 'active');
insert into users (id, name, first_name, last_name, email, email_verified_at, password, phone_number, avatar_url, gender, date_of_birth, role, status) values (42, 'Zelda Magrannell', 'Zelda', 'Magrannell', 'zmagrannell15@com.com', '2024-08-11', '$2y$12$dt0zRr.qFw7yOMMKp.2Dxev.rU8UVvr2wLWtvdeON7ywrhZ4D6Y7a', '+62 357 223 7443', 'http://dummyimage.com/138x198.png/5fa2dd/ffffff', 'female', '2008-02-12', 'teacher', 'active');
insert into users (id, name, first_name, last_name, email, email_verified_at, password, phone_number, avatar_url, gender, date_of_birth, role, status) values (43, 'Drusie Waterfall', 'Drusie', 'Waterfall', 'dwaterfall16@ucoz.com', '2025-03-03', '$2y$12$dt0zRr.qFw7yOMMKp.2Dxev.rU8UVvr2wLWtvdeON7ywrhZ4D6Y7a', '+351 497 490 3485', 'http://dummyimage.com/225x112.png/ff4444/ffffff', 'male', '1995-08-02', 'student', 'active');
insert into users (id, name, first_name, last_name, email, email_verified_at, password, phone_number, avatar_url, gender, date_of_birth, role, status) values (44, 'Charis Blaxlande', 'Charis', 'Blaxlande', 'cblaxlande17@redcross.org', '2022-03-31', '$2y$12$G.5JboCSzcMt2iotNDynLO2y0B5RXq1LMmy6a8QUsQ.8klCeS20nS', '+33 903 762 2971', 'http://dummyimage.com/100x122.png/ff4444/ffffff', 'other', '1993-01-30', 'training_office', 'inactive');
insert into users (id, name, first_name, last_name, email, email_verified_at, password, phone_number, avatar_url, gender, date_of_birth, role, status) values (45, 'Marlena Frostdick', 'Marlena', 'Frostdick', 'mfrostdick18@squarespace.com', '2024-09-02', '$2y$12$dt0zRr.qFw7yOMMKp.2Dxev.rU8UVvr2wLWtvdeON7ywrhZ4D6Y7a', '+351 706 750 8027', 'http://dummyimage.com/227x169.png/cc0000/ffffff', 'male', '1992-04-27', 'teacher', 'active');
insert into users (id, name, first_name, last_name, email, email_verified_at, password, phone_number, avatar_url, gender, date_of_birth, role, status) values (46, 'Reade Bondley', 'Reade', 'Bondley', 'rbondley19@china.com.cn', '2024-02-28', '$2y$12$G.5JboCSzcMt2iotNDynLO2y0B5RXq1LMmy6a8QUsQ.8klCeS20nS', '+48 968 535 8941', 'http://dummyimage.com/131x125.png/dddddd/000000', 'male', '1985-06-16', 'student', 'inactive');
insert into users (id, name, first_name, last_name, email, email_verified_at, password, phone_number, avatar_url, gender, date_of_birth, role, status) values (47, 'Rosanne Morris', 'Rosanne', 'Morris', 'rmorris1a@house.gov', '2022-04-29', '$2y$12$dt0zRr.qFw7yOMMKp.2Dxev.rU8UVvr2wLWtvdeON7ywrhZ4D6Y7a', '+62 165 442 1401', 'http://dummyimage.com/207x224.png/cc0000/ffffff', 'other', '1987-05-26', 'teacher', 'active');
insert into users (id, name, first_name, last_name, email, email_verified_at, password, phone_number, avatar_url, gender, date_of_birth, role, status) values (48, 'Tucker Ugo', 'Tucker', 'Ugo', 'tugo1b@flickr.com', '2024-08-18', '$2y$12$dt0zRr.qFw7yOMMKp.2Dxev.rU8UVvr2wLWtvdeON7ywrhZ4D6Y7a', '+55 909 272 0511', 'http://dummyimage.com/104x142.png/cc0000/ffffff', 'male', '1990-05-17', 'teacher', 'active');
insert into users (id, name, first_name, last_name, email, email_verified_at, password, phone_number, avatar_url, gender, date_of_birth, role, status) values (49, 'Eldridge Gallone', 'Eldridge', 'Gallone', 'egallone1c@marriott.com', '2022-12-21', '$2y$12$sKBMthjkygnEqfvEuJ/ATuwE5mTxqDhUGyemkI1hC7PB0M7QWUrLK', '+33 179 484 2745', 'http://dummyimage.com/177x103.png/cc0000/ffffff', 'male', '1975-01-08', 'student', 'active');
insert into users (id, name, first_name, last_name, email, email_verified_at, password, phone_number, avatar_url, gender, date_of_birth, role, status) values (50, 'Leshia Idill', 'Leshia', 'Idill', 'lidill1d@artisteer.com', '2025-06-13', '$2y$12$G.5JboCSzcMt2iotNDynLO2y0B5RXq1LMmy6a8QUsQ.8klCeS20nS', '+62 193 617 5978', 'http://dummyimage.com/238x200.png/ff4444/ffffff', 'female', '2007-02-09', 'training_office', 'active');
insert into users (id, name, first_name, last_name, email, email_verified_at, password, phone_number, avatar_url, gender, date_of_birth, role, status) values (51, 'Edna Pitcaithly', 'Edna', 'Pitcaithly', 'epitcaithly1e@merriam-webster.com', '2024-02-04', '$2y$12$dt0zRr.qFw7yOMMKp.2Dxev.rU8UVvr2wLWtvdeON7ywrhZ4D6Y7a', '+62 571 393 4230', 'http://dummyimage.com/250x161.png/cc0000/ffffff', 'male', '2010-03-30', 'teacher', 'inactive');
insert into users (id, name, first_name, last_name, email, email_verified_at, password, phone_number, avatar_url, gender, date_of_birth, role, status) values (52, 'Edythe Maryott', 'Edythe', 'Maryott', 'emaryott1f@hud.gov', '2024-10-27', '$2y$12$sKBMthjkygnEqfvEuJ/ATuwE5mTxqDhUGyemkI1hC7PB0M7QWUrLK', '+63 764 945 6179', 'http://dummyimage.com/192x218.png/dddddd/000000', 'other', '2007-01-20', 'head_of_department', 'inactive');
insert into users (id, name, first_name, last_name, email, email_verified_at, password, phone_number, avatar_url, gender, date_of_birth, role, status) values (53, 'Toby Pitkin', 'Toby', 'Pitkin', 'tpitkin1g@list-manage.com', '2022-12-05', '$2y$12$G.5JboCSzcMt2iotNDynLO2y0B5RXq1LMmy6a8QUsQ.8klCeS20nS', '+54 405 254 2935', 'http://dummyimage.com/219x225.png/dddddd/000000', 'other', '1971-03-25', 'teacher', 'inactive');
insert into users (id, name, first_name, last_name, email, email_verified_at, password, phone_number, avatar_url, gender, date_of_birth, role, status) values (54, 'Rufe Goggey', 'Rufe', 'Goggey', 'rgoggey1h@addthis.com', '2023-02-21', '$2y$12$sKBMthjkygnEqfvEuJ/ATuwE5mTxqDhUGyemkI1hC7PB0M7QWUrLK', '+63 815 139 4254', 'http://dummyimage.com/229x241.png/cc0000/ffffff', 'female', '2005-11-11', 'student', 'banned');
insert into users (id, name, first_name, last_name, email, email_verified_at, password, phone_number, avatar_url, gender, date_of_birth, role, status) values (55, 'Tull Elwin', 'Tull', 'Elwin', 'telwin1i@twitter.com', '2022-12-24', '$2y$12$G.5JboCSzcMt2iotNDynLO2y0B5RXq1LMmy6a8QUsQ.8klCeS20nS', '+7 740 350 2569', 'http://dummyimage.com/125x240.png/ff4444/ffffff', 'other', '1989-09-26', 'teacher', 'active');
insert into users (id, name, first_name, last_name, email, email_verified_at, password, phone_number, avatar_url, gender, date_of_birth, role, status) values (56, 'Dionysus Muckloe', 'Dionysus', 'Muckloe', 'dmuckloe1j@yale.edu', '2024-09-13', '$2y$12$G.5JboCSzcMt2iotNDynLO2y0B5RXq1LMmy6a8QUsQ.8klCeS20nS', '+48 901 224 7249', 'http://dummyimage.com/220x209.png/ff4444/ffffff', 'other', '1978-06-15', 'teacher', 'banned');
insert into users (id, name, first_name, last_name, email, email_verified_at, password, phone_number, avatar_url, gender, date_of_birth, role, status) values (57, 'Darb Schooling', 'Darb', 'Schooling', 'dschooling1k@omniture.com', '2022-12-15', '$2y$12$sKBMthjkygnEqfvEuJ/ATuwE5mTxqDhUGyemkI1hC7PB0M7QWUrLK', '+86 465 762 1841', 'http://dummyimage.com/227x120.png/ff4444/ffffff', 'male', '1993-09-29', 'training_office', 'banned');
insert into users (id, name, first_name, last_name, email, email_verified_at, password, phone_number, avatar_url, gender, date_of_birth, role, status) values (58, 'Lesli Muncey', 'Lesli', 'Muncey', 'lmuncey1l@amazon.de', '2022-05-06', '$2y$12$sKBMthjkygnEqfvEuJ/ATuwE5mTxqDhUGyemkI1hC7PB0M7QWUrLK', '+86 165 820 5530', 'http://dummyimage.com/164x147.png/5fa2dd/ffffff', 'other', '1987-07-15', 'head_of_department', 'active');
insert into users (id, name, first_name, last_name, email, email_verified_at, password, phone_number, avatar_url, gender, date_of_birth, role, status) values (59, 'Berkley Thame', 'Berkley', 'Thame', 'bthame1m@1688.com', '2022-08-02', '$2y$12$sKBMthjkygnEqfvEuJ/ATuwE5mTxqDhUGyemkI1hC7PB0M7QWUrLK', '+234 694 651 8778', 'http://dummyimage.com/242x188.png/cc0000/ffffff', 'female', '1978-01-30', 'head_of_department', 'banned');
insert into users (id, name, first_name, last_name, email, email_verified_at, password, phone_number, avatar_url, gender, date_of_birth, role, status) values (60, 'Isac Twort', 'Isac', 'Twort', 'itwort1n@census.gov', '2023-10-10', '$2y$12$sKBMthjkygnEqfvEuJ/ATuwE5mTxqDhUGyemkI1hC7PB0M7QWUrLK', '+62 633 355 2113', 'http://dummyimage.com/217x143.png/5fa2dd/ffffff', 'female', '1985-11-28', 'teacher', 'inactive');
insert into users (id, name, first_name, last_name, email, email_verified_at, password, phone_number, avatar_url, gender, date_of_birth, role, status) values (61, 'Margit Cadamy', 'Margit', 'Cadamy', 'mcadamy1o@elegantthemes.com', '2025-01-05', '$2y$12$sKBMthjkygnEqfvEuJ/ATuwE5mTxqDhUGyemkI1hC7PB0M7QWUrLK', '+86 623 937 1772', 'http://dummyimage.com/230x232.png/ff4444/ffffff', 'male', '1995-08-29', 'student', 'banned');
insert into users (id, name, first_name, last_name, email, email_verified_at, password, phone_number, avatar_url, gender, date_of_birth, role, status) values (62, 'Dene Dudding', 'Dene', 'Dudding', 'ddudding1p@naver.com', '2023-11-29', '$2y$12$G.5JboCSzcMt2iotNDynLO2y0B5RXq1LMmy6a8QUsQ.8klCeS20nS', '+504 221 869 3449', 'http://dummyimage.com/120x206.png/ff4444/ffffff', 'female', '1991-08-24', 'student', 'active');
insert into users (id, name, first_name, last_name, email, email_verified_at, password, phone_number, avatar_url, gender, date_of_birth, role, status) values (63, 'Bonnibelle Salandino', 'Bonnibelle', 'Salandino', 'bsalandino1q@mapy.cz', '2025-03-25', '$2y$12$dt0zRr.qFw7yOMMKp.2Dxev.rU8UVvr2wLWtvdeON7ywrhZ4D6Y7a', '+63 149 294 7906', 'http://dummyimage.com/204x242.png/5fa2dd/ffffff', 'other', '1986-04-29', 'training_office', 'inactive');
insert into users (id, name, first_name, last_name, email, email_verified_at, password, phone_number, avatar_url, gender, date_of_birth, role, status) values (64, 'Thalia Tritton', 'Thalia', 'Tritton', 'ttritton1r@alexa.com', '2023-12-06', '$2y$12$G.5JboCSzcMt2iotNDynLO2y0B5RXq1LMmy6a8QUsQ.8klCeS20nS', '+30 494 660 3963', 'http://dummyimage.com/109x186.png/cc0000/ffffff', 'female', '1980-06-13', 'student', 'inactive');
insert into users (id, name, first_name, last_name, email, email_verified_at, password, phone_number, avatar_url, gender, date_of_birth, role, status) values (65, 'Mose Roskeilly', 'Mose', 'Roskeilly', 'mroskeilly1s@reuters.com', '2024-06-22', '$2y$12$G.5JboCSzcMt2iotNDynLO2y0B5RXq1LMmy6a8QUsQ.8klCeS20nS', '+81 715 174 3715', 'http://dummyimage.com/194x247.png/ff4444/ffffff', 'other', '1983-02-17', 'head_of_department', 'active');
insert into users (id, name, first_name, last_name, email, email_verified_at, password, phone_number, avatar_url, gender, date_of_birth, role, status) values (66, 'Court Aizik', 'Court', 'Aizik', 'caizik1t@phoca.cz', '2025-01-07', '$2y$12$dt0zRr.qFw7yOMMKp.2Dxev.rU8UVvr2wLWtvdeON7ywrhZ4D6Y7a', '+81 869 662 2474', 'http://dummyimage.com/170x184.png/5fa2dd/ffffff', 'male', '1972-11-20', 'training_office', 'banned');
insert into users (id, name, first_name, last_name, email, email_verified_at, password, phone_number, avatar_url, gender, date_of_birth, role, status) values (67, 'Orella Iacovone', 'Orella', 'Iacovone', 'oiacovone1u@businessweek.com', '2025-05-23', '$2y$12$sKBMthjkygnEqfvEuJ/ATuwE5mTxqDhUGyemkI1hC7PB0M7QWUrLK', '+86 586 350 2218', 'http://dummyimage.com/188x123.png/dddddd/000000', 'male', '1990-01-22', 'student', 'banned');
insert into users (id, name, first_name, last_name, email, email_verified_at, password, phone_number, avatar_url, gender, date_of_birth, role, status) values (68, 'Meggi Dunphy', 'Meggi', 'Dunphy', 'mdunphy1v@dailymail.co.uk', '2022-11-23', '$2y$12$G.5JboCSzcMt2iotNDynLO2y0B5RXq1LMmy6a8QUsQ.8klCeS20nS', '+86 340 899 5015', 'http://dummyimage.com/183x182.png/dddddd/000000', 'male', '1987-12-02', 'student', 'banned');
insert into users (id, name, first_name, last_name, email, email_verified_at, password, phone_number, avatar_url, gender, date_of_birth, role, status) values (69, 'Arvy Rallings', 'Arvy', 'Rallings', 'arallings1w@woothemes.com', '2022-05-21', '$2y$12$dt0zRr.qFw7yOMMKp.2Dxev.rU8UVvr2wLWtvdeON7ywrhZ4D6Y7a', '+55 267 355 9482', 'http://dummyimage.com/234x137.png/5fa2dd/ffffff', 'other', '1980-06-14', 'head_of_department', 'inactive');
insert into users (id, name, first_name, last_name, email, email_verified_at, password, phone_number, avatar_url, gender, date_of_birth, role, status) values (70, 'Bordy Banasik', 'Bordy', 'Banasik', 'bbanasik1x@cbslocal.com', '2023-02-23', '$2y$12$G.5JboCSzcMt2iotNDynLO2y0B5RXq1LMmy6a8QUsQ.8klCeS20nS', '+86 904 207 8027', 'http://dummyimage.com/179x235.png/5fa2dd/ffffff', 'other', '2009-01-12', 'head_of_department', 'inactive');
insert into users (id, name, first_name, last_name, email, email_verified_at, password, phone_number, avatar_url, gender, date_of_birth, role, status) values (71, 'Cherida Harrod', 'Cherida', 'Harrod', 'charrod1y@taobao.com', '2025-01-09', '$2y$12$sKBMthjkygnEqfvEuJ/ATuwE5mTxqDhUGyemkI1hC7PB0M7QWUrLK', '+62 820 843 3984', 'http://dummyimage.com/127x181.png/ff4444/ffffff', 'other', '2009-04-08', 'student', 'inactive');
insert into users (id, name, first_name, last_name, email, email_verified_at, password, phone_number, avatar_url, gender, date_of_birth, role, status) values (72, 'Chrisy Danher', 'Chrisy', 'Danher', 'cdanher1z@disqus.com', '2022-10-14', '$2y$12$sKBMthjkygnEqfvEuJ/ATuwE5mTxqDhUGyemkI1hC7PB0M7QWUrLK', '+33 146 301 3489', 'http://dummyimage.com/221x139.png/dddddd/000000', 'other', '1987-12-15', 'student', 'inactive');
insert into users (id, name, first_name, last_name, email, email_verified_at, password, phone_number, avatar_url, gender, date_of_birth, role, status) values (73, 'Rowan Server', 'Rowan', 'Server', 'rserver20@yandex.ru', '2024-10-16', '$2y$12$sKBMthjkygnEqfvEuJ/ATuwE5mTxqDhUGyemkI1hC7PB0M7QWUrLK', '+48 408 563 9120', 'http://dummyimage.com/190x202.png/cc0000/ffffff', 'female', '1973-03-23', 'teacher', 'inactive');
insert into users (id, name, first_name, last_name, email, email_verified_at, password, phone_number, avatar_url, gender, date_of_birth, role, status) values (74, 'Quint Lavington', 'Quint', 'Lavington', 'qlavington21@yolasite.com', '2024-07-11', '$2y$12$dt0zRr.qFw7yOMMKp.2Dxev.rU8UVvr2wLWtvdeON7ywrhZ4D6Y7a', '+7 639 691 9208', 'http://dummyimage.com/202x103.png/cc0000/ffffff', 'female', '1974-01-27', 'student', 'inactive');
insert into users (id, name, first_name, last_name, email, email_verified_at, password, phone_number, avatar_url, gender, date_of_birth, role, status) values (75, 'Milton Sweetenham', 'Milton', 'Sweetenham', 'msweetenham22@epa.gov', '2023-09-02', '$2y$12$G.5JboCSzcMt2iotNDynLO2y0B5RXq1LMmy6a8QUsQ.8klCeS20nS', '+81 875 753 0686', 'http://dummyimage.com/245x115.png/5fa2dd/ffffff', 'other', '1996-09-07', 'teacher', 'inactive');
insert into users (id, name, first_name, last_name, email, email_verified_at, password, phone_number, avatar_url, gender, date_of_birth, role, status) values (76, 'Hanni Gallahar', 'Hanni', 'Gallahar', 'hgallahar23@unesco.org', '2025-08-30', '$2y$12$G.5JboCSzcMt2iotNDynLO2y0B5RXq1LMmy6a8QUsQ.8klCeS20nS', '+7 918 443 1369', 'http://dummyimage.com/206x123.png/5fa2dd/ffffff', 'male', '2004-02-22', 'head_of_department', 'active');
insert into users (id, name, first_name, last_name, email, email_verified_at, password, phone_number, avatar_url, gender, date_of_birth, role, status) values (77, 'Jessamine Colaco', 'Jessamine', 'Colaco', 'jcolaco24@umich.edu', '2022-11-19', '$2y$12$sKBMthjkygnEqfvEuJ/ATuwE5mTxqDhUGyemkI1hC7PB0M7QWUrLK', '+237 539 467 2226', 'http://dummyimage.com/135x135.png/dddddd/000000', 'female', '1998-08-16', 'student', 'inactive');
insert into users (id, name, first_name, last_name, email, email_verified_at, password, phone_number, avatar_url, gender, date_of_birth, role, status) values (78, 'Briana Eilhart', 'Briana', 'Eilhart', 'beilhart25@phoca.cz', '2023-11-01', '$2y$12$dt0zRr.qFw7yOMMKp.2Dxev.rU8UVvr2wLWtvdeON7ywrhZ4D6Y7a', '+55 727 563 4252', 'http://dummyimage.com/221x131.png/cc0000/ffffff', 'other', '2006-09-30', 'student', 'inactive');
insert into users (id, name, first_name, last_name, email, email_verified_at, password, phone_number, avatar_url, gender, date_of_birth, role, status) values (79, 'Pearline Goffe', 'Pearline', 'Goffe', 'pgoffe26@washingtonpost.com', '2023-10-18', '$2y$12$sKBMthjkygnEqfvEuJ/ATuwE5mTxqDhUGyemkI1hC7PB0M7QWUrLK', '+55 943 426 4897', 'http://dummyimage.com/184x225.png/ff4444/ffffff', 'female', '1997-12-14', 'student', 'inactive');
insert into users (id, name, first_name, last_name, email, email_verified_at, password, phone_number, avatar_url, gender, date_of_birth, role, status) values (80, 'Georgina MacCartney', 'Georgina', 'MacCartney', 'gmaccartney27@noaa.gov', '2024-04-20', '$2y$12$sKBMthjkygnEqfvEuJ/ATuwE5mTxqDhUGyemkI1hC7PB0M7QWUrLK', '+359 875 666 0520', 'http://dummyimage.com/193x244.png/cc0000/ffffff', 'other', '1980-10-04', 'student', 'banned');
insert into users (id, name, first_name, last_name, email, email_verified_at, password, phone_number, avatar_url, gender, date_of_birth, role, status) values (81, 'Frances Briton', 'Frances', 'Briton', 'fbriton28@goo.gl', '2024-05-10', '$2y$12$G.5JboCSzcMt2iotNDynLO2y0B5RXq1LMmy6a8QUsQ.8klCeS20nS', '+33 848 298 0619', 'http://dummyimage.com/116x203.png/ff4444/ffffff', 'other', '2002-09-25', 'teacher', 'inactive');
insert into users (id, name, first_name, last_name, email, email_verified_at, password, phone_number, avatar_url, gender, date_of_birth, role, status) values (82, 'Consalve Storkes', 'Consalve', 'Storkes', 'cstorkes29@nhs.uk', '2025-02-06', '$2y$12$G.5JboCSzcMt2iotNDynLO2y0B5RXq1LMmy6a8QUsQ.8klCeS20nS', '+234 162 383 9756', 'http://dummyimage.com/194x100.png/5fa2dd/ffffff', 'male', '1979-09-24', 'training_office', 'active');
insert into users (id, name, first_name, last_name, email, email_verified_at, password, phone_number, avatar_url, gender, date_of_birth, role, status) values (83, 'Honey Girardoni', 'Honey', 'Girardoni', 'hgirardoni2a@lulu.com', '2023-01-29', '$2y$12$G.5JboCSzcMt2iotNDynLO2y0B5RXq1LMmy6a8QUsQ.8klCeS20nS', '+7 653 751 1158', 'http://dummyimage.com/168x152.png/cc0000/ffffff', 'female', '2007-10-29', 'student', 'banned');
insert into users (id, name, first_name, last_name, email, email_verified_at, password, phone_number, avatar_url, gender, date_of_birth, role, status) values (84, 'Vachel Mourbey', 'Vachel', 'Mourbey', 'vmourbey2b@de.vu', '2024-02-07', '$2y$12$sKBMthjkygnEqfvEuJ/ATuwE5mTxqDhUGyemkI1hC7PB0M7QWUrLK', '+63 275 387 6636', 'http://dummyimage.com/162x141.png/5fa2dd/ffffff', 'other', '2002-12-18', 'teacher', 'active');
insert into users (id, name, first_name, last_name, email, email_verified_at, password, phone_number, avatar_url, gender, date_of_birth, role, status) values (85, 'Dare Bilbrook', 'Dare', 'Bilbrook', 'dbilbrook2c@thetimes.co.uk', '2024-07-26', '$2y$12$sKBMthjkygnEqfvEuJ/ATuwE5mTxqDhUGyemkI1hC7PB0M7QWUrLK', '+381 916 549 3060', 'http://dummyimage.com/188x224.png/dddddd/000000', 'other', '2000-05-15', 'head_of_department', 'banned');
insert into users (id, name, first_name, last_name, email, email_verified_at, password, phone_number, avatar_url, gender, date_of_birth, role, status) values (86, 'Artie Losano', 'Artie', 'Losano', 'alosano2d@nps.gov', '2022-10-06', '$2y$12$dt0zRr.qFw7yOMMKp.2Dxev.rU8UVvr2wLWtvdeON7ywrhZ4D6Y7a', '+86 762 796 1195', 'http://dummyimage.com/146x159.png/cc0000/ffffff', 'male', '1998-08-17', 'head_of_department', 'banned');
insert into users (id, name, first_name, last_name, email, email_verified_at, password, phone_number, avatar_url, gender, date_of_birth, role, status) values (87, 'Crichton Camilli', 'Crichton', 'Camilli', 'ccamilli2e@mit.edu', '2023-10-23', '$2y$12$G.5JboCSzcMt2iotNDynLO2y0B5RXq1LMmy6a8QUsQ.8klCeS20nS', '+7 356 522 9403', 'http://dummyimage.com/149x215.png/ff4444/ffffff', 'female', '1973-07-22', 'student', 'banned');
insert into users (id, name, first_name, last_name, email, email_verified_at, password, phone_number, avatar_url, gender, date_of_birth, role, status) values (88, 'Ralph McBoyle', 'Ralph', 'McBoyle', 'rmcboyle2f@myspace.com', '2022-09-03', '$2y$12$sKBMthjkygnEqfvEuJ/ATuwE5mTxqDhUGyemkI1hC7PB0M7QWUrLK', '+591 498 447 1934', 'http://dummyimage.com/236x217.png/cc0000/ffffff', 'female', '1990-08-04', 'head_of_department', 'active');
insert into users (id, name, first_name, last_name, email, email_verified_at, password, phone_number, avatar_url, gender, date_of_birth, role, status) values (89, 'Timothea Wevell', 'Timothea', 'Wevell', 'twevell2g@cnbc.com', '2023-01-13', '$2y$12$sKBMthjkygnEqfvEuJ/ATuwE5mTxqDhUGyemkI1hC7PB0M7QWUrLK', '+56 580 930 0018', 'http://dummyimage.com/118x157.png/ff4444/ffffff', 'female', '1982-08-10', 'teacher', 'banned');
insert into users (id, name, first_name, last_name, email, email_verified_at, password, phone_number, avatar_url, gender, date_of_birth, role, status) values (90, 'Elsi Pally', 'Elsi', 'Pally', 'epally2h@cnn.com', '2024-05-03', '$2y$12$dt0zRr.qFw7yOMMKp.2Dxev.rU8UVvr2wLWtvdeON7ywrhZ4D6Y7a', '+1 561 956 6146', 'http://dummyimage.com/110x173.png/dddddd/000000', 'male', '1987-09-22', 'training_office', 'banned');
insert into users (id, name, first_name, last_name, email, email_verified_at, password, phone_number, avatar_url, gender, date_of_birth, role, status) values (91, 'Carlin Seatter', 'Carlin', 'Seatter', 'cseatter2i@msn.com', '2025-01-18', '$2y$12$sKBMthjkygnEqfvEuJ/ATuwE5mTxqDhUGyemkI1hC7PB0M7QWUrLK', '+86 637 694 4957', 'http://dummyimage.com/224x149.png/5fa2dd/ffffff', 'other', '1992-06-18', 'head_of_department', 'active');
insert into users (id, name, first_name, last_name, email, email_verified_at, password, phone_number, avatar_url, gender, date_of_birth, role, status) values (92, 'Ciro Rooksby', 'Ciro', 'Rooksby', 'crooksby2j@tuttocitta.it', '2023-01-21', '$2y$12$G.5JboCSzcMt2iotNDynLO2y0B5RXq1LMmy6a8QUsQ.8klCeS20nS', '+351 270 723 4669', 'http://dummyimage.com/191x220.png/ff4444/ffffff', 'other', '1988-12-20', 'head_of_department', 'banned');
insert into users (id, name, first_name, last_name, email, email_verified_at, password, phone_number, avatar_url, gender, date_of_birth, role, status) values (93, 'Deborah Depper', 'Deborah', 'Depper', 'ddepper2k@godaddy.com', '2022-01-10', '$2y$12$dt0zRr.qFw7yOMMKp.2Dxev.rU8UVvr2wLWtvdeON7ywrhZ4D6Y7a', '+66 826 722 7904', 'http://dummyimage.com/161x113.png/5fa2dd/ffffff', 'other', '1993-12-12', 'student', 'inactive');
insert into users (id, name, first_name, last_name, email, email_verified_at, password, phone_number, avatar_url, gender, date_of_birth, role, status) values (94, 'Carlynn Cattrall', 'Carlynn', 'Cattrall', 'ccattrall2l@economist.com', '2024-11-16', '$2y$12$dt0zRr.qFw7yOMMKp.2Dxev.rU8UVvr2wLWtvdeON7ywrhZ4D6Y7a', '+961 440 604 3382', 'http://dummyimage.com/127x228.png/cc0000/ffffff', 'female', '1972-12-15', 'head_of_department', 'inactive');
insert into users (id, name, first_name, last_name, email, email_verified_at, password, phone_number, avatar_url, gender, date_of_birth, role, status) values (95, 'Cloris Olner', 'Cloris', 'Olner', 'colner2m@goo.ne.jp', '2025-06-13', '$2y$12$dt0zRr.qFw7yOMMKp.2Dxev.rU8UVvr2wLWtvdeON7ywrhZ4D6Y7a', '+54 345 119 1372', 'http://dummyimage.com/214x236.png/dddddd/000000', 'other', '2007-08-27', 'student', 'active');
insert into users (id, name, first_name, last_name, email, email_verified_at, password, phone_number, avatar_url, gender, date_of_birth, role, status) values (96, 'Stoddard Purbrick', 'Stoddard', 'Purbrick', 'spurbrick2n@stanford.edu', '2025-08-20', '$2y$12$G.5JboCSzcMt2iotNDynLO2y0B5RXq1LMmy6a8QUsQ.8klCeS20nS', '+351 119 544 1630', 'http://dummyimage.com/222x222.png/cc0000/ffffff', 'other', '2001-08-10', 'student', 'inactive');
insert into users (id, name, first_name, last_name, email, email_verified_at, password, phone_number, avatar_url, gender, date_of_birth, role, status) values (97, 'Audra Jinkin', 'Audra', 'Jinkin', 'ajinkin2o@discovery.com', '2023-01-05', '$2y$12$sKBMthjkygnEqfvEuJ/ATuwE5mTxqDhUGyemkI1hC7PB0M7QWUrLK', '+94 797 734 9795', 'http://dummyimage.com/142x140.png/cc0000/ffffff', 'other', '1999-11-15', 'teacher', 'inactive');
insert into users (id, name, first_name, last_name, email, email_verified_at, password, phone_number, avatar_url, gender, date_of_birth, role, status) values (98, 'Darrelle Killigrew', 'Darrelle', 'Killigrew', 'dkilligrew2p@issuu.com', '2022-08-26', '$2y$12$sKBMthjkygnEqfvEuJ/ATuwE5mTxqDhUGyemkI1hC7PB0M7QWUrLK', '+36 230 754 7472', 'http://dummyimage.com/229x199.png/ff4444/ffffff', 'other', '2003-04-02', 'student', 'active');
insert into users (id, name, first_name, last_name, email, email_verified_at, password, phone_number, avatar_url, gender, date_of_birth, role, status) values (99, 'Raynell Egdal', 'Raynell', 'Egdal', 'regdal2q@google.com.au', '2023-04-29', '$2y$12$sKBMthjkygnEqfvEuJ/ATuwE5mTxqDhUGyemkI1hC7PB0M7QWUrLK', '+1 813 959 6670', 'http://dummyimage.com/113x186.png/dddddd/000000', 'male', '1981-10-11', 'head_of_department', 'active');
insert into users (id, name, first_name, last_name, email, email_verified_at, password, phone_number, avatar_url, gender, date_of_birth, role, status) values (100, 'Allister Casterou', 'Allister', 'Casterou', 'acasterou2r@virginia.edu', '2024-01-30', '$2y$12$G.5JboCSzcMt2iotNDynLO2y0B5RXq1LMmy6a8QUsQ.8klCeS20nS', '+254 162 696 9691', 'http://dummyimage.com/199x171.png/cc0000/ffffff', 'male', '1986-02-09', 'teacher', 'inactive');

--Bảng departments
insert into departments (id, name, head_id) values (1, 'Faculty of Civil Engineering', 5);
insert into departments (id, name, head_id) values (2, 'Department of Academic Affairs', 8);
insert into departments (id, name, head_id) values (3, 'Faculty of Economics and Management', 18);
insert into departments (id, name, head_id) values (4, 'Faculty of Economics and Management', 9);
insert into departments (id, name, head_id) values (5, 'Faculty of Hydrology and Environment', 20);
insert into departments (id, name, head_id) values (6, 'Faculty of Mechanical Engineering', 12);
insert into departments (id, name, head_id) values (7, 'Faculty of Hydrology and Environment', 20);
insert into departments (id, name, head_id) values (8, 'Faculty of Economics and Management', 17);
insert into departments (id, name, head_id) values (9, 'Faculty of Civil Engineering', 3);
insert into departments (id, name, head_id) values (10, 'Faculty of Hydrology and Environment', 20);
insert into departments (id, name, head_id) values (11, 'Faculty of Economics and Management', 8);
insert into departments (id, name, head_id) values (12, 'Department of Academic Affairs', 7);
insert into departments (id, name, head_id) values (13, 'Faculty of Chemistry and Life Sciences', 3);
insert into departments (id, name, head_id) values (14, 'Faculty of Water Resources Engineering', 17);
insert into departments (id, name, head_id) values (15, 'Faculty of Hydrology and Environment', 17);
insert into departments (id, name, head_id) values (16, 'Faculty of Mechanical Engineering', 8);
insert into departments (id, name, head_id) values (17, 'Faculty of Foreign Languages', 19);
insert into departments (id, name, head_id) values (18, 'Faculty of Political Theory', 9);
insert into departments (id, name, head_id) values (19, 'Faculty of Mechanical Engineering', 6);
insert into departments (id, name, head_id) values (20, 'Faculty of Water Resources Engineering', 8);
insert into departments (id, name, head_id) values (21, 'Faculty of Political Theory', 2);
insert into departments (id, name, head_id) values (22, 'Faculty of Mechanical Engineering', 12);
insert into departments (id, name, head_id) values (23, 'Faculty of Economics and Management', 17);
insert into departments (id, name, head_id) values (24, 'Faculty of Economics and Management', 8);
insert into departments (id, name, head_id) values (25, 'Faculty of Information Technology', 17);
insert into departments (id, name, head_id) values (26, 'Faculty of Chemistry and Life Sciences', 10);
insert into departments (id, name, head_id) values (27, 'Department of Academic Affairs', 13);
insert into departments (id, name, head_id) values (28, 'Department of Academic Affairs', 16);
insert into departments (id, name, head_id) values (29, 'Faculty of Chemistry and Life Sciences', 11);
insert into departments (id, name, head_id) values (30, 'Department of Academic Affairs', 6);
insert into departments (id, name, head_id) values (31, 'Faculty of Hydrology and Environment', 12);
insert into departments (id, name, head_id) values (32, 'Faculty of Foreign Languages', 19);
insert into departments (id, name, head_id) values (33, 'Faculty of Mechanical Engineering', 14);
insert into departments (id, name, head_id) values (34, 'Department of Academic Affairs', 8);
insert into departments (id, name, head_id) values (35, 'Faculty of Political Theory', 8);
insert into departments (id, name, head_id) values (36, 'Faculty of Economics and Management', 5);
insert into departments (id, name, head_id) values (37, 'Faculty of Chemistry and Life Sciences', 13);
insert into departments (id, name, head_id) values (38, 'Department of Academic Affairs', 14);
insert into departments (id, name, head_id) values (39, 'Faculty of Information Technology', 20);
insert into departments (id, name, head_id) values (40, 'Faculty of Water Resources Engineering', 8);
insert into departments (id, name, head_id) values (41, 'Faculty of Foreign Languages', 15);
insert into departments (id, name, head_id) values (42, 'Faculty of Civil Engineering', 18);
insert into departments (id, name, head_id) values (43, 'Faculty of Mechanical Engineering', 18);
insert into departments (id, name, head_id) values (44, 'Faculty of Mechanical Engineering', 18);
insert into departments (id, name, head_id) values (45, 'Faculty of Foreign Languages', 9);
insert into departments (id, name, head_id) values (46, 'Faculty of Hydrology and Environment', 12);
insert into departments (id, name, head_id) values (47, 'Faculty of Water Resources Engineering', 9);
insert into departments (id, name, head_id) values (48, 'Faculty of Water Resources Engineering', 11);
insert into departments (id, name, head_id) values (49, 'Faculty of Hydrology and Environment', 4);
insert into departments (id, name, head_id) values (50, 'Faculty of Political Theory', 14);
insert into departments (id, name, head_id) values (51, 'Department of Organization and Administration', 20);
insert into departments (id, name, head_id) values (52, 'Faculty of Information Technology', 15);
insert into departments (id, name, head_id) values (53, 'Faculty of Civil Engineering', 7);
insert into departments (id, name, head_id) values (54, 'Faculty of Mechanical Engineering', 1);
insert into departments (id, name, head_id) values (55, 'Faculty of Political Theory', 7);
insert into departments (id, name, head_id) values (56, 'Faculty of Economics and Management', 10);
insert into departments (id, name, head_id) values (57, 'Faculty of Information Technology', 1);
insert into departments (id, name, head_id) values (58, 'Faculty of Economics and Management', 17);
insert into departments (id, name, head_id) values (59, 'Faculty of Mechanical Engineering', 1);
insert into departments (id, name, head_id) values (60, 'Faculty of Hydrology and Environment', 11);
insert into departments (id, name, head_id) values (61, 'Faculty of Economics and Management', 18);
insert into departments (id, name, head_id) values (62, 'Faculty of Mechanical Engineering', 19);
insert into departments (id, name, head_id) values (63, 'Faculty of Civil Engineering', 9);
insert into departments (id, name, head_id) values (64, 'Faculty of Chemistry and Life Sciences', 8);
insert into departments (id, name, head_id) values (65, 'Faculty of Water Resources Engineering', 15);
insert into departments (id, name, head_id) values (66, 'Faculty of Economics and Management', 1);
insert into departments (id, name, head_id) values (67, 'Faculty of Foreign Languages', 3);
insert into departments (id, name, head_id) values (68, 'Faculty of Water Resources Engineering', 7);
insert into departments (id, name, head_id) values (69, 'Faculty of Mechanical Engineering', 17);
insert into departments (id, name, head_id) values (70, 'Department of Academic Affairs', 3);
insert into departments (id, name, head_id) values (71, 'Faculty of Mechanical Engineering', 7);
insert into departments (id, name, head_id) values (72, 'Faculty of Information Technology', 6);
insert into departments (id, name, head_id) values (73, 'Department of Organization and Administration', 19);
insert into departments (id, name, head_id) values (74, 'Faculty of Hydrology and Environment', 11);
insert into departments (id, name, head_id) values (75, 'Faculty of Chemistry and Life Sciences', 11);
insert into departments (id, name, head_id) values (76, 'Faculty of Hydrology and Environment', 12);
insert into departments (id, name, head_id) values (77, 'Faculty of Civil Engineering', 11);
insert into departments (id, name, head_id) values (78, 'Department of Organization and Administration', 10);
insert into departments (id, name, head_id) values (79, 'Faculty of Information Technology', 13);
insert into departments (id, name, head_id) values (80, 'Faculty of Civil Engineering', 15);
insert into departments (id, name, head_id) values (81, 'Department of Organization and Administration', 8);
insert into departments (id, name, head_id) values (82, 'Faculty of Civil Engineering', 13);
insert into departments (id, name, head_id) values (83, 'Faculty of Information Technology', 3);
insert into departments (id, name, head_id) values (84, 'Faculty of Mechanical Engineering', 1);
insert into departments (id, name, head_id) values (85, 'Faculty of Political Theory', 15);
insert into departments (id, name, head_id) values (86, 'Department of Organization and Administration', 15);
insert into departments (id, name, head_id) values (87, 'Department of Academic Affairs', 16);
insert into departments (id, name, head_id) values (88, 'Faculty of Mechanical Engineering', 15);
insert into departments (id, name, head_id) values (89, 'Faculty of Water Resources Engineering', 7);
insert into departments (id, name, head_id) values (90, 'Department of Organization and Administration', 8);
insert into departments (id, name, head_id) values (91, 'Faculty of Hydrology and Environment', 11);
insert into departments (id, name, head_id) values (92, 'Faculty of Hydrology and Environment', 16);
insert into departments (id, name, head_id) values (93, 'Faculty of Chemistry and Life Sciences', 18);
insert into departments (id, name, head_id) values (94, 'Faculty of Information Technology', 7);
insert into departments (id, name, head_id) values (95, 'Faculty of Hydrology and Environment', 11);
insert into departments (id, name, head_id) values (96, 'Faculty of Economics and Management', 18);
insert into departments (id, name, head_id) values (97, 'Department of Academic Affairs', 13);
insert into departments (id, name, head_id) values (98, 'Faculty of Chemistry and Life Sciences', 2);
insert into departments (id, name, head_id) values (99, 'Faculty of Civil Engineering', 8);
insert into departments (id, name, head_id) values (100, 'Faculty of Information Technology', 11);

--Bảng classes
insert into classes (id, name, semester, academic_year, department_id) values (1, '64KTPM1', 9, '2023-2024', 19);
insert into classes (id, name, semester, academic_year, department_id) values (2, 'KTXD2', 20, '2024-2025', 5);
insert into classes (id, name, semester, academic_year, department_id) values (3, 'KTXD1', 15, '2023-2024', 16);
insert into classes (id, name, semester, academic_year, department_id) values (4, '64KTPM2', 1, '2023-2024', 16);
insert into classes (id, name, semester, academic_year, department_id) values (5, 'KTXD2', 11, '2023-2024', 6);
insert into classes (id, name, semester, academic_year, department_id) values (6, 'CDT1', 11, '2023-2024', 3);
insert into classes (id, name, semester, academic_year, department_id) values (7, '64KTPM5', 11, '2022-2023', 20);
insert into classes (id, name, semester, academic_year, department_id) values (8, '64KTPM2', 20, '2024-2025', 16);
insert into classes (id, name, semester, academic_year, department_id) values (9, 'KTXD2', 6, '2023-2024', 2);
insert into classes (id, name, semester, academic_year, department_id) values (10, 'KTXD1', 4, '2022-2023', 13);
insert into classes (id, name, semester, academic_year, department_id) values (11, '64KTPM5', 1, '2024-2025', 9);
insert into classes (id, name, semester, academic_year, department_id) values (12, 'CDT1', 18, '2023-2024', 11);
insert into classes (id, name, semester, academic_year, department_id) values (13, '64KTPM2', 10, '2023-2024', 10);
insert into classes (id, name, semester, academic_year, department_id) values (14, 'ANM2', 14, '2022-2023', 1);
insert into classes (id, name, semester, academic_year, department_id) values (15, '64KTPM5', 3, '2023-2024', 20);
insert into classes (id, name, semester, academic_year, department_id) values (16, '64KTPM2', 4, '2024-2025', 2);
insert into classes (id, name, semester, academic_year, department_id) values (17, 'KTXD1', 8, '2022-2023', 11);
insert into classes (id, name, semester, academic_year, department_id) values (18, 'CDT1', 11, '2023-2024', 9);
insert into classes (id, name, semester, academic_year, department_id) values (19, '64KTPM2', 12, '2023-2024', 17);
insert into classes (id, name, semester, academic_year, department_id) values (20, 'ANM2', 17, '2023-2024', 3);
insert into classes (id, name, semester, academic_year, department_id) values (21, '64KTPM5', 3, '2023-2024', 5);
insert into classes (id, name, semester, academic_year, department_id) values (22, 'KTXD1', 13, '2023-2024', 11);
insert into classes (id, name, semester, academic_year, department_id) values (23, '64KTPM3', 15, '2023-2024', 15);
insert into classes (id, name, semester, academic_year, department_id) values (24, 'ANM1', 16, '2024-2025', 6);
insert into classes (id, name, semester, academic_year, department_id) values (25, 'ANM2', 8, '2023-2024', 3);
insert into classes (id, name, semester, academic_year, department_id) values (26, '64KTPM5', 2, '2024-2025', 16);
insert into classes (id, name, semester, academic_year, department_id) values (27, 'CDT1', 11, '2022-2023', 9);
insert into classes (id, name, semester, academic_year, department_id) values (28, 'KTXD2', 2, '2024-2025', 6);
insert into classes (id, name, semester, academic_year, department_id) values (29, '64KTPM2', 18, '2022-2023', 7);
insert into classes (id, name, semester, academic_year, department_id) values (30, 'ANM1', 18, '2022-2023', 9);
insert into classes (id, name, semester, academic_year, department_id) values (31, 'KTXD2', 17, '2022-2023', 18);
insert into classes (id, name, semester, academic_year, department_id) values (32, 'CDT2', 16, '2024-2025', 1);
insert into classes (id, name, semester, academic_year, department_id) values (33, 'KTXD1', 18, '2022-2023', 2);
insert into classes (id, name, semester, academic_year, department_id) values (34, 'ANM2', 16, '2024-2025', 8);
insert into classes (id, name, semester, academic_year, department_id) values (35, '64KTPM1', 20, '2023-2024', 14);
insert into classes (id, name, semester, academic_year, department_id) values (36, '64KTPM3', 20, '2022-2023', 14);
insert into classes (id, name, semester, academic_year, department_id) values (37, 'KTXD2', 16, '2024-2025', 19);
insert into classes (id, name, semester, academic_year, department_id) values (38, '64KTPM4', 6, '2023-2024', 4);
insert into classes (id, name, semester, academic_year, department_id) values (39, 'ANM2', 8, '2023-2024', 5);
insert into classes (id, name, semester, academic_year, department_id) values (40, '64KTPM1', 15, '2022-2023', 11);
insert into classes (id, name, semester, academic_year, department_id) values (41, '64KTPM1', 15, '2023-2024', 19);
insert into classes (id, name, semester, academic_year, department_id) values (42, '64KTPM5', 19, '2023-2024', 9);
insert into classes (id, name, semester, academic_year, department_id) values (43, 'ANM1', 1, '2022-2023', 8);
insert into classes (id, name, semester, academic_year, department_id) values (44, 'CDT2', 3, '2024-2025', 5);
insert into classes (id, name, semester, academic_year, department_id) values (45, '64KTPM5', 5, '2024-2025', 3);
insert into classes (id, name, semester, academic_year, department_id) values (46, 'CDT2', 14, '2023-2024', 15);
insert into classes (id, name, semester, academic_year, department_id) values (47, '64KTPM2', 5, '2022-2023', 6);
insert into classes (id, name, semester, academic_year, department_id) values (48, 'ANM1', 8, '2024-2025', 15);
insert into classes (id, name, semester, academic_year, department_id) values (49, '64KTPM4', 1, '2022-2023', 19);
insert into classes (id, name, semester, academic_year, department_id) values (50, 'CDT2', 6, '2024-2025', 18);
insert into classes (id, name, semester, academic_year, department_id) values (51, 'KTXD1', 19, '2022-2023', 14);
insert into classes (id, name, semester, academic_year, department_id) values (52, 'KTXD2', 13, '2023-2024', 13);
insert into classes (id, name, semester, academic_year, department_id) values (53, '64KTPM3', 9, '2024-2025', 9);
insert into classes (id, name, semester, academic_year, department_id) values (54, '64KTPM3', 8, '2022-2023', 5);
insert into classes (id, name, semester, academic_year, department_id) values (55, '64KTPM2', 3, '2022-2023', 12);
insert into classes (id, name, semester, academic_year, department_id) values (56, 'ANM2', 3, '2022-2023', 20);
insert into classes (id, name, semester, academic_year, department_id) values (57, 'CDT2', 17, '2023-2024', 15);
insert into classes (id, name, semester, academic_year, department_id) values (58, '64KTPM5', 3, '2024-2025', 20);
insert into classes (id, name, semester, academic_year, department_id) values (59, 'CDT1', 12, '2023-2024', 17);
insert into classes (id, name, semester, academic_year, department_id) values (60, 'KTXD1', 11, '2022-2023', 2);
insert into classes (id, name, semester, academic_year, department_id) values (61, 'KTXD2', 16, '2022-2023', 6);
insert into classes (id, name, semester, academic_year, department_id) values (62, 'KTXD2', 15, '2024-2025', 6);
insert into classes (id, name, semester, academic_year, department_id) values (63, 'CDT1', 15, '2023-2024', 3);
insert into classes (id, name, semester, academic_year, department_id) values (64, 'ANM1', 8, '2023-2024', 20);
insert into classes (id, name, semester, academic_year, department_id) values (65, '64KTPM5', 1, '2022-2023', 6);
insert into classes (id, name, semester, academic_year, department_id) values (66, 'CDT2', 11, '2022-2023', 12);
insert into classes (id, name, semester, academic_year, department_id) values (67, '64KTPM5', 20, '2024-2025', 1);
insert into classes (id, name, semester, academic_year, department_id) values (68, 'ANM2', 20, '2023-2024', 18);
insert into classes (id, name, semester, academic_year, department_id) values (69, 'ANM1', 5, '2022-2023', 13);
insert into classes (id, name, semester, academic_year, department_id) values (70, 'ANM1', 12, '2024-2025', 7);
insert into classes (id, name, semester, academic_year, department_id) values (71, '64KTPM2', 20, '2022-2023', 1);
insert into classes (id, name, semester, academic_year, department_id) values (72, 'KTXD2', 17, '2023-2024', 16);
insert into classes (id, name, semester, academic_year, department_id) values (73, 'KTXD2', 15, '2022-2023', 19);
insert into classes (id, name, semester, academic_year, department_id) values (74, '64KTPM1', 17, '2022-2023', 9);
insert into classes (id, name, semester, academic_year, department_id) values (75, 'KTXD2', 17, '2024-2025', 4);
insert into classes (id, name, semester, academic_year, department_id) values (76, '64KTPM5', 16, '2024-2025', 19);
insert into classes (id, name, semester, academic_year, department_id) values (77, 'CDT2', 19, '2023-2024', 20);
insert into classes (id, name, semester, academic_year, department_id) values (78, '64KTPM5', 17, '2024-2025', 10);
insert into classes (id, name, semester, academic_year, department_id) values (79, '64KTPM3', 4, '2024-2025', 14);
insert into classes (id, name, semester, academic_year, department_id) values (80, '64KTPM5', 15, '2023-2024', 3);
insert into classes (id, name, semester, academic_year, department_id) values (81, '64KTPM3', 7, '2023-2024', 9);
insert into classes (id, name, semester, academic_year, department_id) values (82, 'KTXD2', 14, '2022-2023', 16);
insert into classes (id, name, semester, academic_year, department_id) values (83, 'CDT2', 9, '2022-2023', 6);
insert into classes (id, name, semester, academic_year, department_id) values (84, 'CDT1', 14, '2023-2024', 18);
insert into classes (id, name, semester, academic_year, department_id) values (85, 'ANM1', 9, '2022-2023', 2);
insert into classes (id, name, semester, academic_year, department_id) values (86, 'KTXD1', 16, '2024-2025', 2);
insert into classes (id, name, semester, academic_year, department_id) values (87, '64KTPM3', 5, '2024-2025', 2);
insert into classes (id, name, semester, academic_year, department_id) values (88, 'KTXD2', 1, '2024-2025', 3);
insert into classes (id, name, semester, academic_year, department_id) values (89, '64KTPM1', 16, '2024-2025', 6);
insert into classes (id, name, semester, academic_year, department_id) values (90, '64KTPM1', 4, '2024-2025', 8);
insert into classes (id, name, semester, academic_year, department_id) values (91, 'KTXD1', 14, '2022-2023', 1);
insert into classes (id, name, semester, academic_year, department_id) values (92, 'KTXD2', 15, '2024-2025', 8);
insert into classes (id, name, semester, academic_year, department_id) values (93, '64KTPM4', 12, '2023-2024', 14);
insert into classes (id, name, semester, academic_year, department_id) values (94, 'KTXD1', 5, '2024-2025', 14);
insert into classes (id, name, semester, academic_year, department_id) values (95, 'CDT2', 17, '2023-2024', 12);
insert into classes (id, name, semester, academic_year, department_id) values (96, 'ANM1', 18, '2023-2024', 17);
insert into classes (id, name, semester, academic_year, department_id) values (97, 'ANM2', 19, '2022-2023', 10);
insert into classes (id, name, semester, academic_year, department_id) values (98, 'CDT2', 10, '2024-2025', 5);
insert into classes (id, name, semester, academic_year, department_id) values (99, 'CDT2', 4, '2022-2023', 7);
insert into classes (id, name, semester, academic_year, department_id) values (100, 'KTXD2', 2, '2024-2025', 14);

--Bảng courses

--Bảng class_course_assignments

--Bảng rooms

--Bảng schedules

--Bảng attendances

--Bảng leave_requests

--Bảng makeup_classes